uri	prefLabels	prefUnknown	altLabels	altLanguages	altUnknown	notations
http://bartoc.org/en/node/7	1	0	0	0	0	1
http://bartoc.org/en/node/8	0	0	2	1	2	0
http://bartoc.org/en/node/9	0	0	2	1	2	0
http://bartoc.org/en/node/10	0	0	2	1	2	0
http://bartoc.org/en/node/11	1	1	0	0	0	1
http://bartoc.org/en/node/12	0	0	3	1	3	0
http://bartoc.org/en/node/13	0	0	2	1	2	0
http://bartoc.org/en/node/14	1	1	0	0	0	1
http://bartoc.org/en/node/15	0	0	2	1	2	0
http://bartoc.org/en/node/16	1	1	0	0	0	1
http://bartoc.org/en/node/17	0	0	2	1	2	0
http://bartoc.org/en/node/18	0	0	2	1	2	0
http://bartoc.org/en/node/19	0	0	2	1	2	0
http://bartoc.org/en/node/20	1	1	0	0	0	1
http://bartoc.org/en/node/21	1	0	0	0	0	0
http://bartoc.org/en/node/22	0	0	2	1	2	0
http://bartoc.org/en/node/23	1	0	0	0	0	1
http://bartoc.org/en/node/24	0	0	2	1	2	0
http://bartoc.org/en/node/25	0	0	3	1	3	0
http://bartoc.org/en/node/26	0	0	2	1	2	0
http://bartoc.org/en/node/27	1	0	0	0	0	1
http://bartoc.org/en/node/28	1	1	0	0	0	0
http://bartoc.org/en/node/29	0	0	2	1	2	1
http://bartoc.org/en/node/30	0	0	2	1	2	0
http://bartoc.org/en/node/31	0	0	2	1	2	0
http://bartoc.org/en/node/32	0	0	2	1	2	0
http://bartoc.org/en/node/33	1	0	0	0	0	1
http://bartoc.org/en/node/34	1	0	0	0	0	0
http://bartoc.org/en/node/35	0	0	2	1	2	0
http://bartoc.org/en/node/36	1	1	0	0	0	0
http://bartoc.org/en/node/37	1	0	0	0	0	0
http://bartoc.org/en/node/38	1	0	0	0	0	1
http://bartoc.org/en/node/39	0	0	2	1	2	0
http://bartoc.org/en/node/40	0	0	2	1	2	0
http://bartoc.org/en/node/41	0	0	2	1	2	0
http://bartoc.org/en/node/42	1	1	0	0	0	0
http://bartoc.org/en/node/43	0	0	2	1	2	0
http://bartoc.org/en/node/44	1	0	0	0	0	0
http://bartoc.org/en/node/45	1	0	0	0	0	0
http://bartoc.org/en/node/46	1	0	0	0	0	0
http://bartoc.org/en/node/47	1	1	0	0	0	0
http://bartoc.org/en/node/48	0	0	2	1	2	0
http://bartoc.org/en/node/49	0	0	3	1	3	0
http://bartoc.org/en/node/50	0	0	3	1	3	0
http://bartoc.org/en/node/51	0	0	2	1	2	0
http://bartoc.org/en/node/52	0	0	2	1	2	0
http://bartoc.org/en/node/53	0	0	2	1	2	0
http://bartoc.org/en/node/54	0	0	2	1	2	0
http://bartoc.org/en/node/55	0	0	2	1	2	0
http://bartoc.org/en/node/56	0	0	2	1	2	0
http://bartoc.org/en/node/57	0	0	2	1	2	0
http://bartoc.org/en/node/58	0	0	2	1	2	0
http://bartoc.org/en/node/59	0	0	2	1	2	0
http://bartoc.org/en/node/60	0	0	2	1	2	0
http://bartoc.org/en/node/61	0	0	2	1	2	0
http://bartoc.org/en/node/62	1	0	0	0	0	0
http://bartoc.org/en/node/63	0	0	2	1	2	0
http://bartoc.org/en/node/64	0	0	2	1	2	0
http://bartoc.org/en/node/65	0	0	2	1	2	0
http://bartoc.org/en/node/66	0	0	2	1	2	0
http://bartoc.org/en/node/67	1	1	0	0	0	1
http://bartoc.org/en/node/68	0	0	2	1	2	0
http://bartoc.org/en/node/69	0	0	2	1	2	0
http://bartoc.org/en/node/70	1	1	0	0	0	1
http://bartoc.org/en/node/71	0	0	2	1	2	0
http://bartoc.org/en/node/72	0	0	3	1	3	0
http://bartoc.org/en/node/73	1	0	0	0	0	0
http://bartoc.org/en/node/74	1	0	0	0	0	0
http://bartoc.org/en/node/75	1	1	0	0	0	1
http://bartoc.org/en/node/76	0	0	2	1	2	0
http://bartoc.org/en/node/77	1	0	0	0	0	1
http://bartoc.org/en/node/82	1	0	0	0	0	0
http://bartoc.org/en/node/83	1	0	0	0	0	0
http://bartoc.org/en/node/84	1	0	0	0	0	0
http://bartoc.org/en/node/85	1	0	0	0	0	0
http://bartoc.org/en/node/86	0	0	2	1	2	0
http://bartoc.org/en/node/87	1	0	0	0	0	0
http://bartoc.org/en/node/88	1	1	0	0	0	0
http://bartoc.org/en/node/89	1	0	0	0	0	0
http://bartoc.org/en/node/90	1	0	0	0	0	0
http://bartoc.org/en/node/91	0	0	2	1	2	0
http://bartoc.org/en/node/92	1	0	0	0	0	0
http://bartoc.org/en/node/93	1	0	0	0	0	0
http://bartoc.org/en/node/94	1	0	0	0	0	1
http://bartoc.org/en/node/95	0	0	4	1	4	0
http://bartoc.org/en/node/96	1	0	0	0	0	0
http://bartoc.org/en/node/97	1	0	0	0	0	0
http://bartoc.org/en/node/98	0	0	2	1	2	0
http://bartoc.org/en/node/99	0	0	2	1	2	0
http://bartoc.org/en/node/100	0	0	2	1	2	0
http://bartoc.org/en/node/101	1	0	0	0	0	0
http://bartoc.org/en/node/102	0	0	2	1	2	0
http://bartoc.org/en/node/103	1	0	0	0	0	0
http://bartoc.org/en/node/104	0	0	2	1	2	0
http://bartoc.org/en/node/105	0	0	2	1	2	0
http://bartoc.org/en/node/106	1	0	0	0	0	0
http://bartoc.org/en/node/107	1	0	0	0	0	0
http://bartoc.org/en/node/109	1	0	0	0	0	1
http://bartoc.org/en/node/110	1	0	0	0	0	0
http://bartoc.org/en/node/111	1	1	0	0	0	0
http://bartoc.org/en/node/112	0	0	2	1	2	0
http://bartoc.org/en/node/113	1	0	0	0	0	0
http://bartoc.org/en/node/114	1	1	0	0	0	1
http://bartoc.org/en/node/115	1	1	0	0	0	0
http://bartoc.org/en/node/116	1	0	0	0	0	0
http://bartoc.org/en/node/117	0	0	2	1	2	0
http://bartoc.org/en/node/118	1	0	0	0	0	1
http://bartoc.org/en/node/119	1	0	0	0	0	0
http://bartoc.org/en/node/120	1	0	0	0	0	0
http://bartoc.org/en/node/121	1	1	0	0	0	0
http://bartoc.org/en/node/122	1	0	0	0	0	0
http://bartoc.org/en/node/123	1	0	0	0	0	1
http://bartoc.org/en/node/124	1	0	0	0	0	0
http://bartoc.org/en/node/125	0	0	3	1	3	0
http://bartoc.org/en/node/126	1	0	0	0	0	0
http://bartoc.org/en/node/127	0	0	2	1	2	0
http://bartoc.org/en/node/128	1	0	0	0	0	1
http://bartoc.org/en/node/129	1	0	0	0	0	0
http://bartoc.org/en/node/130	0	0	2	1	2	1
http://bartoc.org/en/node/131	0	0	2	1	2	0
http://bartoc.org/en/node/132	0	0	3	1	3	1
http://bartoc.org/en/node/133	1	1	0	0	0	0
http://bartoc.org/en/node/134	0	0	2	1	2	0
http://bartoc.org/en/node/135	1	0	0	0	0	0
http://bartoc.org/en/node/136	0	0	2	1	2	0
http://bartoc.org/en/node/137	0	0	4	1	4	0
http://bartoc.org/en/node/138	0	0	2	1	2	0
http://bartoc.org/en/node/139	0	0	2	1	2	0
http://bartoc.org/en/node/140	0	0	2	1	2	0
http://bartoc.org/en/node/141	1	0	0	0	0	0
http://bartoc.org/en/node/142	0	0	2	1	2	0
http://bartoc.org/en/node/143	0	0	2	1	2	0
http://bartoc.org/en/node/144	1	0	0	0	0	0
http://bartoc.org/en/node/146	1	0	0	0	0	0
http://bartoc.org/en/node/147	0	0	2	1	2	0
http://bartoc.org/en/node/148	1	0	0	0	0	0
http://bartoc.org/en/node/149	1	0	0	0	0	0
http://bartoc.org/en/node/150	0	0	3	1	3	0
http://bartoc.org/en/node/151	0	0	2	1	2	0
http://bartoc.org/en/node/152	0	0	3	1	3	0
http://bartoc.org/en/node/153	0	0	3	1	3	0
http://bartoc.org/en/node/154	1	0	0	0	0	0
http://bartoc.org/en/node/155	1	0	0	0	0	0
http://bartoc.org/en/node/156	0	0	2	1	2	0
http://bartoc.org/en/node/157	0	0	2	1	2	0
http://bartoc.org/en/node/158	1	0	0	0	0	1
http://bartoc.org/en/node/159	1	0	0	0	0	1
http://bartoc.org/en/node/160	1	0	0	0	0	0
http://bartoc.org/en/node/161	0	0	2	1	2	0
http://bartoc.org/en/node/163	1	0	0	0	0	1
http://bartoc.org/en/node/164	1	0	0	0	0	0
http://bartoc.org/en/node/165	1	1	0	0	0	0
http://bartoc.org/en/node/166	0	0	2	1	2	0
http://bartoc.org/en/node/167	0	0	2	1	2	0
http://bartoc.org/en/node/168	1	1	0	0	0	1
http://bartoc.org/en/node/169	0	0	2	1	2	0
http://bartoc.org/en/node/170	1	0	0	0	0	0
http://bartoc.org/en/node/171	0	0	2	1	2	0
http://bartoc.org/en/node/172	1	0	0	0	0	1
http://bartoc.org/en/node/173	0	0	2	1	2	0
http://bartoc.org/en/node/174	1	0	0	0	0	0
http://bartoc.org/en/node/175	1	0	0	0	0	1
http://bartoc.org/en/node/176	0	0	3	1	3	0
http://bartoc.org/en/node/177	0	0	2	1	2	0
http://bartoc.org/en/node/178	0	0	2	1	2	0
http://bartoc.org/en/node/179	0	0	2	1	2	0
http://bartoc.org/en/node/180	0	0	3	1	3	0
http://bartoc.org/en/node/181	0	0	2	1	2	1
http://bartoc.org/en/node/182	0	0	2	1	2	1
http://bartoc.org/en/node/183	1	0	0	0	0	0
http://bartoc.org/en/node/184	0	0	4	1	4	0
http://bartoc.org/en/node/185	1	0	0	0	0	0
http://bartoc.org/en/node/186	1	0	0	0	0	0
http://bartoc.org/en/node/187	1	0	0	0	0	0
http://bartoc.org/en/node/188	0	0	2	1	2	0
http://bartoc.org/en/node/189	1	0	0	0	0	0
http://bartoc.org/en/node/190	0	0	2	1	2	0
http://bartoc.org/en/node/191	1	0	0	0	0	0
http://bartoc.org/en/node/192	0	0	2	1	2	0
http://bartoc.org/en/node/193	1	1	0	0	0	0
http://bartoc.org/en/node/194	1	0	0	0	0	1
http://bartoc.org/en/node/195	0	0	2	1	2	1
http://bartoc.org/en/node/196	1	0	0	0	0	0
http://bartoc.org/en/node/197	0	0	3	1	3	0
http://bartoc.org/en/node/198	0	0	2	1	2	0
http://bartoc.org/en/node/199	1	0	0	0	0	0
http://bartoc.org/en/node/200	1	0	0	0	0	0
http://bartoc.org/en/node/201	1	0	0	0	0	0
http://bartoc.org/en/node/202	1	0	0	0	0	0
http://bartoc.org/en/node/203	1	0	0	0	0	0
http://bartoc.org/en/node/204	0	0	2	1	2	0
http://bartoc.org/en/node/205	0	0	2	1	2	0
http://bartoc.org/en/node/206	1	1	0	0	0	0
http://bartoc.org/en/node/207	1	0	0	0	0	0
http://bartoc.org/en/node/208	1	0	0	0	0	0
http://bartoc.org/en/node/209	1	0	0	0	0	0
http://bartoc.org/en/node/211	1	1	0	0	0	0
http://bartoc.org/en/node/212	0	0	2	1	2	0
http://bartoc.org/en/node/213	1	0	0	0	0	0
http://bartoc.org/en/node/214	0	0	3	1	3	0
http://bartoc.org/en/node/215	0	0	2	1	2	0
http://bartoc.org/en/node/216	1	0	0	0	0	1
http://bartoc.org/en/node/217	1	0	0	0	0	1
http://bartoc.org/en/node/218	1	0	0	0	0	0
http://bartoc.org/en/node/219	1	0	0	0	0	1
http://bartoc.org/en/node/220	0	0	2	1	2	0
http://bartoc.org/en/node/221	0	0	2	1	2	1
http://bartoc.org/en/node/223	1	0	0	0	0	0
http://bartoc.org/en/node/224	0	0	2	1	2	0
http://bartoc.org/en/node/225	0	0	2	1	2	0
http://bartoc.org/en/node/226	1	1	0	0	0	1
http://bartoc.org/en/node/227	1	1	0	0	0	1
http://bartoc.org/en/node/228	1	1	0	0	0	1
http://bartoc.org/en/node/229	0	0	3	1	3	0
http://bartoc.org/en/node/230	0	0	2	1	2	0
http://bartoc.org/en/node/231	0	0	2	1	2	0
http://bartoc.org/en/node/232	1	1	0	0	0	0
http://bartoc.org/en/node/233	1	1	0	0	0	0
http://bartoc.org/en/node/234	0	0	2	1	2	0
http://bartoc.org/en/node/235	1	0	0	0	0	0
http://bartoc.org/en/node/236	1	1	0	0	0	1
http://bartoc.org/en/node/237	0	0	2	1	2	0
http://bartoc.org/en/node/238	1	1	0	0	0	0
http://bartoc.org/en/node/239	1	1	0	0	0	1
http://bartoc.org/en/node/240	1	0	0	0	0	0
http://bartoc.org/en/node/241	1	1	0	0	0	1
http://bartoc.org/en/node/242	0	0	2	1	2	0
http://bartoc.org/en/node/243	0	0	2	1	2	0
http://bartoc.org/en/node/244	0	0	2	1	2	0
http://bartoc.org/en/node/245	0	0	2	1	2	0
http://bartoc.org/en/node/246	1	0	0	0	0	0
http://bartoc.org/en/node/248	0	0	4	1	4	0
http://bartoc.org/en/node/249	0	0	2	1	2	0
http://bartoc.org/en/node/250	1	1	0	0	0	1
http://bartoc.org/en/node/251	1	0	0	0	0	1
http://bartoc.org/en/node/252	1	0	0	0	0	1
http://bartoc.org/en/node/253	0	0	2	1	2	0
http://bartoc.org/en/node/254	1	1	0	0	0	1
http://bartoc.org/en/node/255	1	0	0	0	0	0
http://bartoc.org/en/node/256	1	0	0	0	0	0
http://bartoc.org/en/node/257	0	0	2	1	2	0
http://bartoc.org/en/node/258	0	0	2	1	2	0
http://bartoc.org/en/node/259	1	0	0	0	0	0
http://bartoc.org/en/node/260	1	0	0	0	0	0
http://bartoc.org/en/node/261	1	0	0	0	0	0
http://bartoc.org/en/node/262	0	0	2	1	2	0
http://bartoc.org/en/node/263	1	0	0	0	0	0
http://bartoc.org/en/node/264	1	0	0	0	0	0
http://bartoc.org/en/node/265	1	0	0	0	0	0
http://bartoc.org/en/node/266	0	0	2	1	2	0
http://bartoc.org/en/node/267	0	0	2	1	2	0
http://bartoc.org/en/node/268	1	0	0	0	0	0
http://bartoc.org/en/node/269	1	0	0	0	0	0
http://bartoc.org/en/node/270	0	0	2	1	2	0
http://bartoc.org/en/node/271	0	0	2	1	2	0
http://bartoc.org/en/node/272	1	0	0	0	0	1
http://bartoc.org/en/node/273	1	0	0	0	0	0
http://bartoc.org/en/node/274	1	0	0	0	0	1
http://bartoc.org/en/node/275	1	0	0	0	0	0
http://bartoc.org/en/node/276	0	0	2	1	2	0
http://bartoc.org/en/node/277	1	0	0	0	0	0
http://bartoc.org/en/node/278	1	1	0	0	0	1
http://bartoc.org/en/node/279	1	0	0	0	0	1
http://bartoc.org/en/node/280	1	0	0	0	0	0
http://bartoc.org/en/node/282	1	1	0	0	0	0
http://bartoc.org/en/node/283	1	0	0	0	0	0
http://bartoc.org/en/node/284	1	1	0	0	0	0
http://bartoc.org/en/node/285	0	0	2	1	2	0
http://bartoc.org/en/node/286	1	0	0	0	0	0
http://bartoc.org/en/node/287	0	0	2	1	2	0
http://bartoc.org/en/node/288	1	0	0	0	0	0
http://bartoc.org/en/node/289	1	0	0	0	0	0
http://bartoc.org/en/node/290	1	0	0	0	0	0
http://bartoc.org/en/node/291	1	0	0	0	0	0
http://bartoc.org/en/node/292	1	0	0	0	0	0
http://bartoc.org/en/node/293	1	0	0	0	0	0
http://bartoc.org/en/node/294	1	1	0	0	0	0
http://bartoc.org/en/node/295	0	0	2	1	2	0
http://bartoc.org/en/node/296	1	1	0	0	0	0
http://bartoc.org/en/node/297	1	0	0	0	0	1
http://bartoc.org/en/node/298	1	1	0	0	0	1
http://bartoc.org/en/node/299	1	0	0	0	0	1
http://bartoc.org/en/node/301	1	0	0	0	0	0
http://bartoc.org/en/node/302	1	0	0	0	0	1
http://bartoc.org/en/node/303	1	1	0	0	0	1
http://bartoc.org/en/node/304	0	0	2	1	2	0
http://bartoc.org/en/node/305	1	1	0	0	0	0
http://bartoc.org/en/node/306	1	0	0	0	0	1
http://bartoc.org/en/node/307	1	0	0	0	0	0
http://bartoc.org/en/node/308	1	0	0	0	0	0
http://bartoc.org/en/node/309	0	0	4	1	4	0
http://bartoc.org/en/node/310	1	0	0	0	0	0
http://bartoc.org/en/node/311	0	0	3	1	3	0
http://bartoc.org/en/node/312	0	0	3	1	3	0
http://bartoc.org/en/node/313	1	1	0	0	0	1
http://bartoc.org/en/node/314	1	1	0	0	0	0
http://bartoc.org/en/node/315	1	1	0	0	0	0
http://bartoc.org/en/node/316	0	0	4	1	4	1
http://bartoc.org/en/node/317	0	0	3	1	3	0
http://bartoc.org/en/node/318	1	1	0	0	0	0
http://bartoc.org/en/node/319	0	0	2	1	2	0
http://bartoc.org/en/node/320	0	0	2	1	2	0
http://bartoc.org/en/node/321	1	1	0	0	0	0
http://bartoc.org/en/node/322	0	0	2	1	2	0
http://bartoc.org/en/node/323	1	0	0	0	0	0
http://bartoc.org/en/node/324	1	0	0	0	0	0
http://bartoc.org/en/node/325	0	0	2	1	2	0
http://bartoc.org/en/node/326	1	0	0	0	0	1
http://bartoc.org/en/node/327	1	0	0	0	0	0
http://bartoc.org/en/node/328	1	1	0	0	0	1
http://bartoc.org/en/node/329	0	0	2	1	2	1
http://bartoc.org/en/node/330	0	0	2	1	2	1
http://bartoc.org/en/node/331	0	0	3	1	3	1
http://bartoc.org/en/node/332	1	1	0	0	0	1
http://bartoc.org/en/node/333	1	0	0	0	0	1
http://bartoc.org/en/node/334	1	1	0	0	0	0
http://bartoc.org/en/node/335	0	0	2	1	2	0
http://bartoc.org/en/node/336	1	1	0	0	0	0
http://bartoc.org/en/node/337	1	1	0	0	0	0
http://bartoc.org/en/node/338	1	1	0	0	0	0
http://bartoc.org/en/node/339	1	0	0	0	0	1
http://bartoc.org/en/node/340	1	0	0	0	0	0
http://bartoc.org/en/node/341	1	0	0	0	0	1
http://bartoc.org/en/node/342	0	0	2	1	2	0
http://bartoc.org/en/node/343	1	0	0	0	0	0
http://bartoc.org/en/node/344	1	1	0	0	0	0
http://bartoc.org/en/node/345	1	1	0	0	0	0
http://bartoc.org/en/node/346	0	0	2	1	2	1
http://bartoc.org/en/node/347	1	0	0	0	0	1
http://bartoc.org/en/node/348	1	0	0	0	0	0
http://bartoc.org/en/node/349	1	0	0	0	0	0
http://bartoc.org/en/node/350	1	0	0	0	0	0
http://bartoc.org/en/node/351	1	0	0	0	0	0
http://bartoc.org/en/node/352	1	0	0	0	0	1
http://bartoc.org/en/node/353	0	0	2	1	2	0
http://bartoc.org/en/node/354	1	0	0	0	0	1
http://bartoc.org/en/node/355	1	0	0	0	0	1
http://bartoc.org/en/node/356	1	0	0	0	0	1
http://bartoc.org/en/node/357	1	0	0	0	0	1
http://bartoc.org/en/node/358	1	0	0	0	0	1
http://bartoc.org/en/node/360	1	0	0	0	0	1
http://bartoc.org/en/node/361	0	0	2	1	2	0
http://bartoc.org/en/node/362	1	0	0	0	0	1
http://bartoc.org/en/node/363	0	0	2	1	2	0
http://bartoc.org/en/node/364	0	0	2	1	2	0
http://bartoc.org/en/node/365	1	0	0	0	0	1
http://bartoc.org/en/node/366	0	0	2	1	2	0
http://bartoc.org/en/node/367	0	0	2	1	2	0
http://bartoc.org/en/node/368	1	1	0	0	0	0
http://bartoc.org/en/node/369	0	0	2	1	2	1
http://bartoc.org/en/node/370	1	0	0	0	0	0
http://bartoc.org/en/node/371	1	0	0	0	0	0
http://bartoc.org/en/node/372	0	0	2	1	2	1
http://bartoc.org/en/node/373	0	0	3	1	3	1
http://bartoc.org/en/node/374	0	0	2	1	2	0
http://bartoc.org/en/node/375	0	0	3	1	3	1
http://bartoc.org/en/node/376	0	0	2	1	2	0
http://bartoc.org/en/node/377	1	0	0	0	0	0
http://bartoc.org/en/node/378	1	1	0	0	0	1
http://bartoc.org/en/node/379	1	0	0	0	0	0
http://bartoc.org/en/node/380	1	1	0	0	0	0
http://bartoc.org/en/node/381	1	0	0	0	0	1
http://bartoc.org/en/node/382	1	1	0	0	0	0
http://bartoc.org/en/node/383	1	1	0	0	0	0
http://bartoc.org/en/node/384	0	0	2	1	2	0
http://bartoc.org/en/node/385	0	0	2	1	2	0
http://bartoc.org/en/node/386	1	0	0	0	0	0
http://bartoc.org/en/node/387	0	0	2	1	2	0
http://bartoc.org/en/node/388	1	0	0	0	0	0
http://bartoc.org/en/node/389	1	0	0	0	0	0
http://bartoc.org/en/node/390	0	0	2	1	2	0
http://bartoc.org/en/node/391	0	0	2	1	2	0
http://bartoc.org/en/node/392	1	0	0	0	0	0
http://bartoc.org/en/node/393	1	1	0	0	0	0
http://bartoc.org/en/node/394	0	0	2	1	2	0
http://bartoc.org/en/node/395	1	1	0	0	0	0
http://bartoc.org/en/node/396	0	0	2	1	2	0
http://bartoc.org/en/node/397	1	0	0	0	0	1
http://bartoc.org/en/node/398	0	0	2	1	2	0
http://bartoc.org/en/node/399	1	1	0	0	0	0
http://bartoc.org/en/node/400	0	0	2	1	2	0
http://bartoc.org/en/node/401	0	0	2	1	2	0
http://bartoc.org/en/node/402	1	0	0	0	0	0
http://bartoc.org/en/node/403	0	0	4	1	4	0
http://bartoc.org/en/node/404	1	1	0	0	0	0
http://bartoc.org/en/node/405	1	1	0	0	0	1
http://bartoc.org/en/node/406	0	0	2	1	2	0
http://bartoc.org/en/node/407	1	1	0	0	0	1
http://bartoc.org/en/node/408	1	1	0	0	0	1
http://bartoc.org/en/node/409	1	0	0	0	0	0
http://bartoc.org/en/node/410	0	0	3	1	3	0
http://bartoc.org/en/node/411	1	0	0	0	0	0
http://bartoc.org/en/node/412	0	0	2	1	2	0
http://bartoc.org/en/node/413	1	0	0	0	0	0
http://bartoc.org/en/node/414	0	0	2	1	2	0
http://bartoc.org/en/node/415	0	0	2	1	2	0
http://bartoc.org/en/node/417	1	0	0	0	0	0
http://bartoc.org/en/node/418	1	1	0	0	0	0
http://bartoc.org/en/node/419	1	1	0	0	0	0
http://bartoc.org/en/node/420	1	1	0	0	0	0
http://bartoc.org/en/node/421	0	0	2	1	2	0
http://bartoc.org/en/node/423	1	0	0	0	0	0
http://bartoc.org/en/node/424	1	0	0	0	0	0
http://bartoc.org/en/node/425	1	0	0	0	0	0
http://bartoc.org/en/node/426	1	0	0	0	0	0
http://bartoc.org/en/node/427	0	0	2	1	2	0
http://bartoc.org/en/node/428	0	0	2	1	2	0
http://bartoc.org/en/node/429	0	0	2	1	2	0
http://bartoc.org/en/node/430	1	0	0	0	0	1
http://bartoc.org/en/node/431	1	1	0	0	0	0
http://bartoc.org/en/node/432	0	0	2	1	2	0
http://bartoc.org/en/node/433	1	0	0	0	0	0
http://bartoc.org/en/node/434	1	0	0	0	0	0
http://bartoc.org/en/node/435	0	0	2	1	2	0
http://bartoc.org/en/node/436	0	0	2	1	2	0
http://bartoc.org/en/node/437	0	0	2	1	2	0
http://bartoc.org/en/node/438	1	1	0	0	0	0
http://bartoc.org/en/node/439	0	0	2	1	2	0
http://bartoc.org/en/node/440	0	0	2	1	2	0
http://bartoc.org/en/node/441	0	0	2	1	2	0
http://bartoc.org/en/node/442	0	0	3	1	3	0
http://bartoc.org/en/node/443	1	0	0	0	0	0
http://bartoc.org/en/node/444	1	0	0	0	0	0
http://bartoc.org/en/node/445	0	0	2	1	2	0
http://bartoc.org/en/node/446	0	0	2	1	2	1
http://bartoc.org/en/node/447	1	1	0	0	0	1
http://bartoc.org/en/node/448	0	0	3	1	3	0
http://bartoc.org/en/node/449	0	0	2	1	2	1
http://bartoc.org/en/node/450	1	0	0	0	0	1
http://bartoc.org/en/node/451	1	0	0	0	0	0
http://bartoc.org/en/node/452	1	0	0	0	0	0
http://bartoc.org/en/node/453	0	0	2	1	2	0
http://bartoc.org/en/node/454	1	0	0	0	0	1
http://bartoc.org/en/node/455	1	1	0	0	0	0
http://bartoc.org/en/node/456	1	1	0	0	0	1
http://bartoc.org/en/node/457	0	0	2	1	2	0
http://bartoc.org/en/node/458	1	1	0	0	0	1
http://bartoc.org/en/node/459	1	1	0	0	0	0
http://bartoc.org/en/node/460	1	0	0	0	0	1
http://bartoc.org/en/node/461	0	0	2	1	2	0
http://bartoc.org/en/node/462	0	0	3	1	3	0
http://bartoc.org/en/node/463	0	0	2	1	2	0
http://bartoc.org/en/node/464	1	0	0	0	0	0
http://bartoc.org/en/node/465	1	0	0	0	0	1
http://bartoc.org/en/node/466	1	0	0	0	0	0
http://bartoc.org/en/node/467	0	0	2	1	2	0
http://bartoc.org/en/node/468	1	0	0	0	0	1
http://bartoc.org/en/node/469	1	0	0	0	0	0
http://bartoc.org/en/node/470	1	0	0	0	0	0
http://bartoc.org/en/node/471	1	0	0	0	0	1
http://bartoc.org/en/node/472	1	0	0	0	0	1
http://bartoc.org/en/node/473	1	0	0	0	0	1
http://bartoc.org/en/node/474	1	0	0	0	0	1
http://bartoc.org/en/node/475	0	0	2	1	2	1
http://bartoc.org/en/node/476	0	0	2	1	2	1
http://bartoc.org/en/node/477	1	0	0	0	0	0
http://bartoc.org/en/node/478	0	0	2	1	2	0
http://bartoc.org/en/node/479	1	1	0	0	0	0
http://bartoc.org/en/node/480	1	1	0	0	0	0
http://bartoc.org/en/node/481	0	0	2	1	2	0
http://bartoc.org/en/node/482	1	0	0	0	0	1
http://bartoc.org/en/node/483	0	0	2	1	2	0
http://bartoc.org/en/node/484	1	0	0	0	0	1
http://bartoc.org/en/node/485	0	0	3	1	3	0
http://bartoc.org/en/node/486	1	0	0	0	0	1
http://bartoc.org/en/node/487	1	0	0	0	0	0
http://bartoc.org/en/node/488	0	0	3	1	3	0
http://bartoc.org/en/node/489	0	0	2	1	2	0
http://bartoc.org/en/node/490	0	0	3	1	3	1
http://bartoc.org/en/node/491	1	0	0	0	0	0
http://bartoc.org/en/node/492	0	0	2	1	2	0
http://bartoc.org/en/node/493	1	0	0	0	0	0
http://bartoc.org/en/node/494	1	0	0	0	0	0
http://bartoc.org/en/node/495	0	0	2	1	2	0
http://bartoc.org/en/node/496	1	1	0	0	0	1
http://bartoc.org/en/node/497	1	0	0	0	0	0
http://bartoc.org/en/node/498	0	0	2	1	2	0
http://bartoc.org/en/node/499	0	0	2	1	2	0
http://bartoc.org/en/node/500	0	0	2	1	2	0
http://bartoc.org/en/node/501	1	0	0	0	0	1
http://bartoc.org/en/node/502	1	0	0	0	0	1
http://bartoc.org/en/node/503	1	0	0	0	0	1
http://bartoc.org/en/node/504	0	0	2	1	2	1
http://bartoc.org/en/node/505	1	0	0	0	0	1
http://bartoc.org/en/node/506	1	0	0	0	0	0
http://bartoc.org/en/node/507	1	1	0	0	0	0
http://bartoc.org/en/node/508	0	0	2	1	2	0
http://bartoc.org/en/node/509	0	0	5	1	5	0
http://bartoc.org/en/node/510	0	0	2	1	2	0
http://bartoc.org/en/node/511	1	1	0	0	0	0
http://bartoc.org/en/node/512	1	1	0	0	0	1
http://bartoc.org/en/node/513	1	0	0	0	0	1
http://bartoc.org/en/node/514	1	0	0	0	0	1
http://bartoc.org/en/node/515	1	0	0	0	0	0
http://bartoc.org/en/node/516	1	0	0	0	0	0
http://bartoc.org/en/node/517	1	0	0	0	0	1
http://bartoc.org/en/node/518	0	0	2	1	2	0
http://bartoc.org/en/node/519	0	0	2	1	2	0
http://bartoc.org/en/node/520	0	0	2	1	2	0
http://bartoc.org/en/node/521	1	1	0	0	0	0
http://bartoc.org/en/node/522	1	0	0	0	0	0
http://bartoc.org/en/node/523	0	0	2	1	2	0
http://bartoc.org/en/node/524	0	0	2	1	2	0
http://bartoc.org/en/node/525	1	0	0	0	0	1
http://bartoc.org/en/node/526	1	0	0	0	0	1
http://bartoc.org/en/node/527	0	0	2	1	2	1
http://bartoc.org/en/node/528	0	0	2	1	2	0
http://bartoc.org/en/node/529	1	1	0	0	0	0
http://bartoc.org/en/node/530	0	0	2	1	2	0
http://bartoc.org/en/node/531	0	0	2	1	2	0
http://bartoc.org/en/node/532	0	0	3	1	3	0
http://bartoc.org/en/node/533	1	1	0	0	0	1
http://bartoc.org/en/node/534	0	0	2	1	2	1
http://bartoc.org/en/node/535	1	0	0	0	0	1
http://bartoc.org/en/node/536	1	1	0	0	0	0
http://bartoc.org/en/node/537	0	0	2	1	2	1
http://bartoc.org/en/node/538	1	0	0	0	0	0
http://bartoc.org/en/node/539	1	0	0	0	0	0
http://bartoc.org/en/node/540	0	0	2	1	2	1
http://bartoc.org/en/node/541	0	0	2	1	2	0
http://bartoc.org/en/node/542	1	0	0	0	0	1
http://bartoc.org/en/node/543	0	0	3	1	3	0
http://bartoc.org/en/node/544	1	0	0	0	0	1
http://bartoc.org/en/node/545	1	0	0	0	0	1
http://bartoc.org/en/node/546	1	0	0	0	0	1
http://bartoc.org/en/node/547	0	0	2	1	2	0
http://bartoc.org/en/node/548	0	0	2	1	2	0
http://bartoc.org/en/node/549	0	0	2	1	2	1
http://bartoc.org/en/node/550	1	0	0	0	0	1
http://bartoc.org/en/node/551	1	0	0	0	0	1
http://bartoc.org/en/node/552	1	0	0	0	0	1
http://bartoc.org/en/node/553	1	0	0	0	0	1
http://bartoc.org/en/node/554	1	0	0	0	0	1
http://bartoc.org/en/node/555	0	0	2	1	2	0
http://bartoc.org/en/node/556	1	0	0	0	0	1
http://bartoc.org/en/node/557	1	1	0	0	0	1
http://bartoc.org/en/node/558	0	0	2	1	2	0
http://bartoc.org/en/node/559	0	0	2	1	2	0
http://bartoc.org/en/node/560	1	0	0	0	0	1
http://bartoc.org/en/node/561	1	0	0	0	0	0
http://bartoc.org/en/node/562	0	0	2	1	2	0
http://bartoc.org/en/node/563	1	0	0	0	0	1
http://bartoc.org/en/node/564	1	0	0	0	0	1
http://bartoc.org/en/node/565	1	0	0	0	0	1
http://bartoc.org/en/node/570	1	0	0	0	0	1
http://bartoc.org/en/node/571	1	0	0	0	0	1
http://bartoc.org/en/node/572	1	0	0	0	0	1
http://bartoc.org/en/node/573	0	0	2	1	2	0
http://bartoc.org/en/node/575	0	0	2	1	2	0
http://bartoc.org/en/node/576	1	0	0	0	0	1
http://bartoc.org/en/node/577	1	0	0	0	0	1
http://bartoc.org/en/node/578	1	0	0	0	0	1
http://bartoc.org/en/node/579	0	0	2	1	2	0
http://bartoc.org/en/node/580	1	0	0	0	0	1
http://bartoc.org/en/node/581	1	0	0	0	0	1
http://bartoc.org/en/node/582	1	0	0	0	0	1
http://bartoc.org/en/node/583	1	0	0	0	0	1
http://bartoc.org/en/node/584	1	1	0	0	0	1
http://bartoc.org/en/node/585	0	0	2	1	2	0
http://bartoc.org/en/node/654	0	0	3	1	3	0
http://bartoc.org/en/node/655	0	0	3	1	3	0
http://bartoc.org/en/node/656	1	0	0	0	0	1
http://bartoc.org/en/node/657	1	0	0	0	0	0
http://bartoc.org/en/node/658	1	0	0	0	0	0
http://bartoc.org/en/node/659	1	0	0	0	0	0
http://bartoc.org/en/node/660	1	1	0	0	0	0
http://bartoc.org/en/node/661	0	0	2	1	2	0
http://bartoc.org/en/node/662	1	0	0	0	0	0
http://bartoc.org/en/node/663	1	0	0	0	0	0
http://bartoc.org/en/node/664	0	0	2	1	2	0
http://bartoc.org/en/node/665	0	0	2	1	2	0
http://bartoc.org/en/node/666	0	0	2	1	2	0
http://bartoc.org/en/node/667	0	0	2	1	2	0
http://bartoc.org/en/node/668	0	0	2	1	2	0
http://bartoc.org/en/node/669	0	0	2	1	2	0
http://bartoc.org/en/node/671	1	0	0	0	0	0
http://bartoc.org/en/node/672	0	0	3	1	3	1
http://bartoc.org/en/node/673	0	0	2	1	2	0
http://bartoc.org/en/node/674	1	1	0	0	0	0
http://bartoc.org/en/node/675	1	0	0	0	0	0
http://bartoc.org/en/node/676	0	0	2	1	2	0
http://bartoc.org/en/node/677	0	0	2	1	2	0
http://bartoc.org/en/node/678	0	0	2	1	2	0
http://bartoc.org/en/node/679	0	0	2	1	2	0
http://bartoc.org/en/node/680	0	0	3	1	3	1
http://bartoc.org/en/node/681	0	0	2	1	2	0
http://bartoc.org/en/node/682	1	1	0	0	0	0
http://bartoc.org/en/node/683	1	1	0	0	0	1
http://bartoc.org/en/node/684	0	0	3	1	3	0
http://bartoc.org/en/node/685	0	0	2	1	2	0
http://bartoc.org/en/node/686	1	0	0	0	0	0
http://bartoc.org/en/node/687	0	0	2	1	2	0
http://bartoc.org/en/node/688	1	0	0	0	0	0
http://bartoc.org/en/node/689	1	0	0	0	0	0
http://bartoc.org/en/node/690	1	0	0	0	0	1
http://bartoc.org/en/node/691	0	0	2	1	2	0
http://bartoc.org/en/node/692	0	0	2	1	2	0
http://bartoc.org/en/node/693	1	0	0	0	0	1
http://bartoc.org/en/node/694	0	0	3	1	3	0
http://bartoc.org/en/node/695	0	0	2	1	2	0
http://bartoc.org/en/node/696	1	1	0	0	0	0
http://bartoc.org/en/node/697	0	0	3	1	3	0
http://bartoc.org/en/node/698	0	0	4	1	4	0
http://bartoc.org/en/node/699	0	0	3	1	3	0
http://bartoc.org/en/node/700	1	0	0	0	0	0
http://bartoc.org/en/node/701	1	0	0	0	0	1
http://bartoc.org/en/node/702	0	0	2	1	2	0
http://bartoc.org/en/node/703	0	0	2	1	2	0
http://bartoc.org/en/node/704	0	0	2	1	2	0
http://bartoc.org/en/node/705	1	0	0	0	0	1
http://bartoc.org/en/node/706	1	0	0	0	0	1
http://bartoc.org/en/node/707	1	0	0	0	0	1
http://bartoc.org/en/node/708	1	0	0	0	0	1
http://bartoc.org/en/node/709	1	0	0	0	0	1
http://bartoc.org/en/node/710	1	0	0	0	0	0
http://bartoc.org/en/node/711	1	0	0	0	0	1
http://bartoc.org/en/node/712	1	0	0	0	0	1
http://bartoc.org/en/node/713	1	0	0	0	0	0
http://bartoc.org/en/node/714	1	0	0	0	0	0
http://bartoc.org/en/node/715	1	0	0	0	0	0
http://bartoc.org/en/node/716	1	1	0	0	0	0
http://bartoc.org/en/node/717	1	0	0	0	0	0
http://bartoc.org/en/node/718	1	0	0	0	0	0
http://bartoc.org/en/node/719	0	0	2	1	2	0
http://bartoc.org/en/node/720	0	0	2	1	2	0
http://bartoc.org/en/node/721	0	0	2	1	2	0
http://bartoc.org/en/node/722	0	0	2	1	2	0
http://bartoc.org/en/node/723	1	0	0	0	0	0
http://bartoc.org/en/node/724	0	0	2	1	2	0
http://bartoc.org/en/node/725	0	0	2	1	2	0
http://bartoc.org/en/node/726	1	0	0	0	0	1
http://bartoc.org/en/node/727	1	1	0	0	0	1
http://bartoc.org/en/node/728	1	0	0	0	0	0
http://bartoc.org/en/node/729	1	0	0	0	0	0
http://bartoc.org/en/node/730	1	0	0	0	0	0
http://bartoc.org/en/node/731	1	0	0	0	0	0
http://bartoc.org/en/node/732	1	0	0	0	0	1
http://bartoc.org/en/node/733	1	0	0	0	0	1
http://bartoc.org/en/node/734	1	0	0	0	0	0
http://bartoc.org/en/node/735	1	0	0	0	0	0
http://bartoc.org/en/node/736	0	0	2	1	2	0
http://bartoc.org/en/node/737	0	0	2	1	2	0
http://bartoc.org/en/node/738	1	0	0	0	0	0
http://bartoc.org/en/node/739	1	0	0	0	0	0
http://bartoc.org/en/node/740	0	0	2	1	2	0
http://bartoc.org/en/node/741	1	1	0	0	0	1
http://bartoc.org/en/node/742	0	0	2	1	2	0
http://bartoc.org/en/node/743	1	0	0	0	0	1
http://bartoc.org/en/node/744	1	0	0	0	0	0
http://bartoc.org/en/node/745	0	0	2	1	2	1
http://bartoc.org/en/node/746	0	0	2	1	2	0
http://bartoc.org/en/node/747	1	0	0	0	0	1
http://bartoc.org/en/node/748	1	0	0	0	0	1
http://bartoc.org/en/node/749	1	0	0	0	0	1
http://bartoc.org/en/node/750	0	0	2	1	2	0
http://bartoc.org/en/node/751	1	0	0	0	0	0
http://bartoc.org/en/node/752	1	0	0	0	0	0
http://bartoc.org/en/node/753	1	0	0	0	0	1
http://bartoc.org/en/node/754	0	0	2	1	2	0
http://bartoc.org/en/node/755	1	0	0	0	0	0
http://bartoc.org/en/node/756	1	0	0	0	0	0
http://bartoc.org/en/node/757	1	0	0	0	0	0
http://bartoc.org/en/node/758	1	0	0	0	0	0
http://bartoc.org/en/node/759	1	0	0	0	0	0
http://bartoc.org/en/node/782	1	0	0	0	0	0
http://bartoc.org/en/node/783	1	0	0	0	0	0
http://bartoc.org/en/node/784	1	0	0	0	0	0
http://bartoc.org/en/node/785	0	0	2	1	2	0
http://bartoc.org/en/node/786	0	0	2	1	2	0
http://bartoc.org/en/node/787	0	0	3	1	3	0
http://bartoc.org/en/node/788	0	0	2	1	2	0
http://bartoc.org/en/node/789	0	0	2	1	2	0
http://bartoc.org/en/node/790	0	0	2	1	2	0
http://bartoc.org/en/node/791	0	0	2	1	2	0
http://bartoc.org/en/node/792	0	0	2	1	2	0
http://bartoc.org/en/node/793	1	0	0	0	0	0
http://bartoc.org/en/node/794	0	0	2	1	2	0
http://bartoc.org/en/node/795	1	0	0	0	0	1
http://bartoc.org/en/node/796	0	0	2	1	2	0
http://bartoc.org/en/node/797	0	0	2	1	2	0
http://bartoc.org/en/node/798	0	0	2	1	2	0
http://bartoc.org/en/node/799	0	0	2	1	2	0
http://bartoc.org/en/node/800	0	0	2	1	2	0
http://bartoc.org/en/node/801	0	0	4	1	4	0
http://bartoc.org/en/node/802	1	0	0	0	0	0
http://bartoc.org/en/node/803	1	0	0	0	0	1
http://bartoc.org/en/node/804	1	1	0	0	0	1
http://bartoc.org/en/node/805	0	0	2	1	2	0
http://bartoc.org/en/node/806	0	0	2	1	2	0
http://bartoc.org/en/node/807	0	0	2	1	2	0
http://bartoc.org/en/node/808	0	0	2	1	2	0
http://bartoc.org/en/node/809	0	0	2	1	2	0
http://bartoc.org/en/node/810	0	0	2	1	2	0
http://bartoc.org/en/node/811	0	0	2	1	2	0
http://bartoc.org/en/node/812	0	0	2	1	2	0
http://bartoc.org/en/node/813	0	0	2	1	2	0
http://bartoc.org/en/node/814	0	0	2	1	2	0
http://bartoc.org/en/node/815	0	0	2	1	2	0
http://bartoc.org/en/node/817	1	1	0	0	0	0
http://bartoc.org/en/node/818	1	0	0	0	0	1
http://bartoc.org/en/node/819	1	0	0	0	0	1
http://bartoc.org/en/node/820	1	0	0	0	0	1
http://bartoc.org/en/node/821	1	0	0	0	0	0
http://bartoc.org/en/node/822	1	0	0	0	0	0
http://bartoc.org/en/node/823	1	0	0	0	0	0
http://bartoc.org/en/node/824	0	0	2	1	2	0
http://bartoc.org/en/node/825	0	0	3	1	3	0
http://bartoc.org/en/node/826	1	0	0	0	0	0
http://bartoc.org/en/node/827	0	0	2	1	2	0
http://bartoc.org/en/node/828	1	0	0	0	0	0
http://bartoc.org/en/node/829	1	0	0	0	0	0
http://bartoc.org/en/node/830	1	0	0	0	0	0
http://bartoc.org/en/node/831	1	0	0	0	0	0
http://bartoc.org/en/node/832	1	0	0	0	0	0
http://bartoc.org/en/node/833	1	0	0	0	0	0
http://bartoc.org/en/node/834	1	0	0	0	0	0
http://bartoc.org/en/node/835	1	0	0	0	0	1
http://bartoc.org/en/node/836	0	0	2	1	2	0
http://bartoc.org/en/node/837	1	0	0	0	0	0
http://bartoc.org/en/node/838	1	1	0	0	0	1
http://bartoc.org/en/node/839	1	0	0	0	0	1
http://bartoc.org/en/node/840	0	0	3	1	3	0
http://bartoc.org/en/node/841	0	0	3	1	3	0
http://bartoc.org/en/node/842	1	0	0	0	0	0
http://bartoc.org/en/node/843	1	0	0	0	0	0
http://bartoc.org/en/node/844	0	0	2	1	2	0
http://bartoc.org/en/node/845	1	0	0	0	0	0
http://bartoc.org/en/node/846	1	0	0	0	0	0
http://bartoc.org/en/node/847	1	1	0	0	0	0
http://bartoc.org/en/node/848	1	1	0	0	0	1
http://bartoc.org/en/node/849	1	0	0	0	0	0
http://bartoc.org/en/node/850	1	0	0	0	0	0
http://bartoc.org/en/node/851	1	0	0	0	0	0
http://bartoc.org/en/node/852	0	0	2	1	2	0
http://bartoc.org/en/node/853	0	0	3	1	3	0
http://bartoc.org/en/node/854	0	0	2	1	2	0
http://bartoc.org/en/node/855	0	0	3	1	3	0
http://bartoc.org/en/node/856	0	0	3	1	3	0
http://bartoc.org/en/node/857	0	0	2	1	2	0
http://bartoc.org/en/node/858	1	0	0	0	0	0
http://bartoc.org/en/node/859	1	0	0	0	0	0
http://bartoc.org/en/node/860	0	0	2	1	2	1
http://bartoc.org/en/node/861	1	0	0	0	0	0
http://bartoc.org/en/node/862	1	0	0	0	0	1
http://bartoc.org/en/node/863	1	0	0	0	0	0
http://bartoc.org/en/node/864	0	0	2	1	2	0
http://bartoc.org/en/node/865	1	0	0	0	0	0
http://bartoc.org/en/node/866	1	0	0	0	0	0
http://bartoc.org/en/node/867	1	0	0	0	0	0
http://bartoc.org/en/node/868	0	0	2	1	2	0
http://bartoc.org/en/node/869	1	0	0	0	0	0
http://bartoc.org/en/node/870	0	0	2	1	2	0
http://bartoc.org/en/node/871	1	1	0	0	0	0
http://bartoc.org/en/node/872	0	0	2	1	2	0
http://bartoc.org/en/node/873	1	0	0	0	0	0
http://bartoc.org/en/node/874	0	0	2	1	2	0
http://bartoc.org/en/node/875	1	0	0	0	0	0
http://bartoc.org/en/node/876	0	0	3	1	3	1
http://bartoc.org/en/node/877	0	0	3	1	3	0
http://bartoc.org/en/node/879	1	1	0	0	0	0
http://bartoc.org/en/node/880	0	0	2	1	2	0
http://bartoc.org/en/node/881	0	0	2	1	2	0
http://bartoc.org/en/node/882	1	1	0	0	0	0
http://bartoc.org/en/node/883	1	0	0	0	0	0
http://bartoc.org/en/node/884	1	0	0	0	0	0
http://bartoc.org/en/node/885	1	0	0	0	0	1
http://bartoc.org/en/node/886	1	0	0	0	0	0
http://bartoc.org/en/node/887	1	0	0	0	0	0
http://bartoc.org/en/node/888	1	0	0	0	0	0
http://bartoc.org/en/node/889	1	0	0	0	0	0
http://bartoc.org/en/node/890	0	0	3	1	3	0
http://bartoc.org/en/node/891	0	0	8	1	8	0
http://bartoc.org/en/node/892	1	0	0	0	0	0
http://bartoc.org/en/node/893	0	0	3	1	3	1
http://bartoc.org/en/node/894	0	0	2	1	2	0
http://bartoc.org/en/node/895	0	0	2	1	2	0
http://bartoc.org/en/node/896	1	0	0	0	0	1
http://bartoc.org/en/node/897	0	0	2	1	2	0
http://bartoc.org/en/node/898	1	0	0	0	0	1
http://bartoc.org/en/node/899	1	0	0	0	0	0
http://bartoc.org/en/node/900	1	0	0	0	0	0
http://bartoc.org/en/node/901	1	0	0	0	0	0
http://bartoc.org/en/node/902	0	0	4	1	4	0
http://bartoc.org/en/node/903	0	0	6	1	6	1
http://bartoc.org/en/node/905	1	1	0	0	0	0
http://bartoc.org/en/node/906	1	0	0	0	0	0
http://bartoc.org/en/node/907	1	0	0	0	0	0
http://bartoc.org/en/node/908	0	0	5	1	5	0
http://bartoc.org/en/node/909	1	0	0	0	0	0
http://bartoc.org/en/node/910	0	0	2	1	2	1
http://bartoc.org/en/node/911	1	0	0	0	0	0
http://bartoc.org/en/node/912	0	0	2	1	2	1
http://bartoc.org/en/node/913	0	0	3	1	3	1
http://bartoc.org/en/node/914	1	1	0	0	0	1
http://bartoc.org/en/node/915	0	0	4	1	4	0
http://bartoc.org/en/node/916	1	0	0	0	0	0
http://bartoc.org/en/node/917	0	0	3	1	3	0
http://bartoc.org/en/node/918	1	0	0	0	0	0
http://bartoc.org/en/node/919	1	0	0	0	0	1
http://bartoc.org/en/node/920	0	0	2	1	2	1
http://bartoc.org/en/node/921	1	0	0	0	0	0
http://bartoc.org/en/node/922	1	1	0	0	0	1
http://bartoc.org/en/node/923	1	1	0	0	0	1
http://bartoc.org/en/node/924	1	1	0	0	0	1
http://bartoc.org/en/node/925	0	0	3	1	3	0
http://bartoc.org/en/node/926	0	0	2	1	2	1
http://bartoc.org/en/node/927	0	0	3	1	3	0
http://bartoc.org/en/node/928	0	0	3	1	3	1
http://bartoc.org/en/node/929	0	0	3	1	3	1
http://bartoc.org/en/node/930	1	1	0	0	0	1
http://bartoc.org/en/node/931	1	1	0	0	0	1
http://bartoc.org/en/node/932	0	0	2	1	2	0
http://bartoc.org/en/node/933	0	0	2	1	2	0
http://bartoc.org/en/node/934	1	0	0	0	0	0
http://bartoc.org/en/node/935	1	0	0	0	0	0
http://bartoc.org/en/node/936	1	0	0	0	0	0
http://bartoc.org/en/node/937	1	0	0	0	0	1
http://bartoc.org/en/node/939	1	0	0	0	0	1
http://bartoc.org/en/node/940	0	0	2	1	2	0
http://bartoc.org/en/node/941	0	0	2	1	2	0
http://bartoc.org/en/node/942	0	0	2	1	2	0
http://bartoc.org/en/node/943	0	0	2	1	2	0
http://bartoc.org/en/node/944	0	0	2	1	2	0
http://bartoc.org/en/node/945	0	0	2	1	2	0
http://bartoc.org/en/node/946	0	0	2	1	2	0
http://bartoc.org/en/node/947	0	0	2	1	2	0
http://bartoc.org/en/node/948	0	0	2	1	2	0
http://bartoc.org/en/node/949	0	0	2	1	2	0
http://bartoc.org/en/node/950	0	0	2	1	2	0
http://bartoc.org/en/node/951	0	0	2	1	2	0
http://bartoc.org/en/node/952	0	0	2	1	2	0
http://bartoc.org/en/node/953	0	0	2	1	2	0
http://bartoc.org/en/node/954	0	0	2	1	2	0
http://bartoc.org/en/node/955	1	0	0	0	0	1
http://bartoc.org/en/node/956	0	0	2	1	2	0
http://bartoc.org/en/node/957	0	0	2	1	2	1
http://bartoc.org/en/node/958	1	1	0	0	0	0
http://bartoc.org/en/node/960	1	1	0	0	0	1
http://bartoc.org/en/node/961	0	0	2	1	2	0
http://bartoc.org/en/node/962	1	0	0	0	0	0
http://bartoc.org/en/node/963	0	0	3	1	3	0
http://bartoc.org/en/node/964	0	0	3	1	3	0
http://bartoc.org/en/node/965	1	0	0	0	0	1
http://bartoc.org/en/node/966	0	0	2	1	2	0
http://bartoc.org/en/node/967	1	0	0	0	0	1
http://bartoc.org/en/node/968	0	0	4	1	4	0
http://bartoc.org/en/node/969	0	0	2	1	2	0
http://bartoc.org/en/node/970	1	1	0	0	0	1
http://bartoc.org/en/node/971	1	1	0	0	0	1
http://bartoc.org/en/node/972	1	1	0	0	0	1
http://bartoc.org/en/node/973	0	0	2	1	2	0
http://bartoc.org/en/node/974	1	1	0	0	0	0
http://bartoc.org/en/node/975	1	1	0	0	0	0
http://bartoc.org/en/node/976	1	0	0	0	0	0
http://bartoc.org/en/node/977	0	0	4	1	4	0
http://bartoc.org/en/node/978	1	1	0	0	0	1
http://bartoc.org/en/node/979	1	1	0	0	0	0
http://bartoc.org/en/node/980	1	0	0	0	0	0
http://bartoc.org/en/node/981	0	0	2	1	2	0
http://bartoc.org/en/node/982	0	0	2	1	2	0
http://bartoc.org/en/node/983	0	0	3	1	3	0
http://bartoc.org/en/node/984	1	0	0	0	0	0
http://bartoc.org/en/node/985	0	0	2	1	2	0
http://bartoc.org/en/node/986	0	0	2	1	2	0
http://bartoc.org/en/node/987	1	0	0	0	0	0
http://bartoc.org/en/node/988	0	0	2	1	2	0
http://bartoc.org/en/node/989	0	0	2	1	2	0
http://bartoc.org/en/node/990	0	0	2	1	2	0
http://bartoc.org/en/node/991	1	1	0	0	0	0
http://bartoc.org/en/node/992	1	0	0	0	0	0
http://bartoc.org/en/node/993	0	0	2	1	2	0
http://bartoc.org/en/node/994	0	0	2	1	2	0
http://bartoc.org/en/node/995	1	0	0	0	0	0
http://bartoc.org/en/node/996	0	0	2	1	2	0
http://bartoc.org/en/node/997	0	0	3	1	3	0
http://bartoc.org/en/node/998	1	0	0	0	0	0
http://bartoc.org/en/node/999	0	0	2	1	2	0
http://bartoc.org/en/node/1000	1	0	0	0	0	0
http://bartoc.org/en/node/1001	0	0	2	1	2	0
http://bartoc.org/en/node/1002	1	1	0	0	0	0
http://bartoc.org/en/node/1003	0	0	2	1	2	0
http://bartoc.org/en/node/1004	0	0	2	1	2	0
http://bartoc.org/en/node/1005	0	0	2	1	2	0
http://bartoc.org/en/node/1006	0	0	2	1	2	0
http://bartoc.org/en/node/1007	1	1	0	0	0	0
http://bartoc.org/en/node/1008	1	1	0	0	0	0
http://bartoc.org/en/node/1009	1	0	0	0	0	0
http://bartoc.org/en/node/1010	1	0	0	0	0	0
http://bartoc.org/en/node/1011	1	0	0	0	0	0
http://bartoc.org/en/node/1012	1	0	0	0	0	0
http://bartoc.org/en/node/1013	1	0	0	0	0	0
http://bartoc.org/en/node/1014	1	0	0	0	0	0
http://bartoc.org/en/node/1015	1	0	0	0	0	0
http://bartoc.org/en/node/1016	1	0	0	0	0	0
http://bartoc.org/en/node/1017	1	0	0	0	0	0
http://bartoc.org/en/node/1018	1	0	0	0	0	0
http://bartoc.org/en/node/1019	1	0	0	0	0	0
http://bartoc.org/en/node/1020	1	0	0	0	0	0
http://bartoc.org/en/node/1021	1	0	0	0	0	1
http://bartoc.org/en/node/1023	0	0	2	1	2	1
http://bartoc.org/en/node/1024	1	0	0	0	0	1
http://bartoc.org/en/node/1025	1	0	0	0	0	1
http://bartoc.org/en/node/1026	1	0	0	0	0	0
http://bartoc.org/en/node/1027	1	0	0	0	0	1
http://bartoc.org/en/node/1028	1	0	0	0	0	1
http://bartoc.org/en/node/1029	1	0	0	0	0	1
http://bartoc.org/en/node/1030	1	1	0	0	0	1
http://bartoc.org/en/node/1031	0	0	2	1	2	1
http://bartoc.org/en/node/1032	0	0	2	1	2	0
http://bartoc.org/en/node/1033	0	0	2	1	2	0
http://bartoc.org/en/node/1034	1	0	0	0	0	0
http://bartoc.org/en/node/1035	1	1	0	0	0	0
http://bartoc.org/en/node/1036	1	1	0	0	0	1
http://bartoc.org/en/node/1037	1	0	0	0	0	0
http://bartoc.org/en/node/1038	0	0	4	1	4	0
http://bartoc.org/en/node/1039	1	0	0	0	0	0
http://bartoc.org/en/node/1040	0	0	2	1	2	0
http://bartoc.org/en/node/1041	0	0	2	1	2	0
http://bartoc.org/en/node/1042	0	0	3	1	3	0
http://bartoc.org/en/node/1043	0	0	2	1	2	0
http://bartoc.org/en/node/1044	0	0	2	1	2	0
http://bartoc.org/en/node/1045	1	0	0	0	0	0
http://bartoc.org/en/node/1046	0	0	2	1	2	0
http://bartoc.org/en/node/1047	0	0	3	1	3	0
http://bartoc.org/en/node/1048	0	0	2	1	2	0
http://bartoc.org/en/node/1049	1	0	0	0	0	0
http://bartoc.org/en/node/1050	1	0	0	0	0	1
http://bartoc.org/en/node/1051	1	0	0	0	0	1
http://bartoc.org/en/node/1052	0	0	2	1	2	1
http://bartoc.org/en/node/1053	1	0	0	0	0	1
http://bartoc.org/en/node/1054	0	0	3	1	3	0
http://bartoc.org/en/node/1055	0	0	2	1	2	0
http://bartoc.org/en/node/1056	0	0	2	1	2	0
http://bartoc.org/en/node/1057	1	0	0	0	0	0
http://bartoc.org/en/node/1058	0	0	2	1	2	0
http://bartoc.org/en/node/1059	0	0	2	1	2	0
http://bartoc.org/en/node/1060	1	0	0	0	0	0
http://bartoc.org/en/node/1061	1	0	0	0	0	0
http://bartoc.org/en/node/1062	1	0	0	0	0	0
http://bartoc.org/en/node/1063	1	0	0	0	0	0
http://bartoc.org/en/node/1064	0	0	2	1	2	0
http://bartoc.org/en/node/1065	1	0	0	0	0	1
http://bartoc.org/en/node/1066	0	0	4	1	4	0
http://bartoc.org/en/node/1067	1	1	0	0	0	0
http://bartoc.org/en/node/1068	1	1	0	0	0	0
http://bartoc.org/en/node/1069	1	0	0	0	0	0
http://bartoc.org/en/node/1070	1	0	0	0	0	0
http://bartoc.org/en/node/1071	1	0	0	0	0	0
http://bartoc.org/en/node/1072	0	0	2	1	2	0
http://bartoc.org/en/node/1073	1	1	0	0	0	0
http://bartoc.org/en/node/1074	0	0	2	1	2	0
http://bartoc.org/en/node/1076	1	0	0	0	0	0
http://bartoc.org/en/node/1077	1	0	0	0	0	1
http://bartoc.org/en/node/1078	0	0	2	1	2	0
http://bartoc.org/en/node/1079	1	0	0	0	0	0
http://bartoc.org/en/node/1080	1	0	0	0	0	0
http://bartoc.org/en/node/1081	0	0	3	1	3	0
http://bartoc.org/en/node/1082	1	0	0	0	0	1
http://bartoc.org/en/node/1083	0	0	2	1	2	0
http://bartoc.org/en/node/1084	0	0	2	1	2	0
http://bartoc.org/en/node/1085	1	0	0	0	0	0
http://bartoc.org/en/node/1086	1	0	0	0	0	0
http://bartoc.org/en/node/1087	0	0	2	1	2	0
http://bartoc.org/en/node/1088	1	0	0	0	0	0
http://bartoc.org/en/node/1089	0	0	2	1	2	0
http://bartoc.org/en/node/1090	1	0	0	0	0	0
http://bartoc.org/en/node/1091	1	0	0	0	0	1
http://bartoc.org/en/node/1092	0	0	2	1	2	0
http://bartoc.org/en/node/1093	0	0	2	1	2	0
http://bartoc.org/en/node/1094	0	0	2	1	2	0
http://bartoc.org/en/node/1095	0	0	2	1	2	0
http://bartoc.org/en/node/1096	1	0	0	0	0	1
http://bartoc.org/en/node/1097	1	0	0	0	0	0
http://bartoc.org/en/node/1098	1	0	0	0	0	0
http://bartoc.org/en/node/1099	1	0	0	0	0	0
http://bartoc.org/en/node/1100	1	0	0	0	0	0
http://bartoc.org/en/node/1101	1	0	0	0	0	0
http://bartoc.org/en/node/1102	1	0	0	0	0	0
http://bartoc.org/en/node/1103	1	0	0	0	0	0
http://bartoc.org/en/node/1104	1	0	0	0	0	0
http://bartoc.org/en/node/1105	1	0	0	0	0	0
http://bartoc.org/en/node/1106	1	0	0	0	0	0
http://bartoc.org/en/node/1107	0	0	2	1	2	0
http://bartoc.org/en/node/1108	0	0	2	1	2	0
http://bartoc.org/en/node/1109	1	0	0	0	0	0
http://bartoc.org/en/node/1110	1	0	0	0	0	0
http://bartoc.org/en/node/1111	1	0	0	0	0	0
http://bartoc.org/en/node/1112	1	0	0	0	0	0
http://bartoc.org/en/node/1113	1	0	0	0	0	0
http://bartoc.org/en/node/1116	1	0	0	0	0	0
http://bartoc.org/en/node/1117	1	0	0	0	0	0
http://bartoc.org/en/node/1118	1	0	0	0	0	0
http://bartoc.org/en/node/1119	1	0	0	0	0	0
http://bartoc.org/en/node/1120	0	0	2	1	2	0
http://bartoc.org/en/node/1121	0	0	2	1	2	0
http://bartoc.org/en/node/1122	1	0	0	0	0	0
http://bartoc.org/en/node/1123	1	0	0	0	0	0
http://bartoc.org/en/node/1124	1	0	0	0	0	0
http://bartoc.org/en/node/1125	1	0	0	0	0	0
http://bartoc.org/en/node/1127	1	0	0	0	0	0
http://bartoc.org/en/node/1129	1	0	0	0	0	0
http://bartoc.org/en/node/1130	1	0	0	0	0	0
http://bartoc.org/en/node/1131	1	0	0	0	0	0
http://bartoc.org/en/node/1132	1	0	0	0	0	0
http://bartoc.org/en/node/1133	1	0	0	0	0	0
http://bartoc.org/en/node/1134	1	0	0	0	0	0
http://bartoc.org/en/node/1135	1	0	0	0	0	0
http://bartoc.org/en/node/1136	1	0	0	0	0	0
http://bartoc.org/en/node/1137	1	0	0	0	0	0
http://bartoc.org/en/node/1138	1	0	0	0	0	0
http://bartoc.org/en/node/1139	1	0	0	0	0	0
http://bartoc.org/en/node/1140	0	0	3	1	3	0
http://bartoc.org/en/node/1141	1	1	0	0	0	0
http://bartoc.org/en/node/1142	1	1	0	0	0	1
http://bartoc.org/en/node/1143	1	1	0	0	0	1
http://bartoc.org/en/node/1144	0	0	2	1	2	0
http://bartoc.org/en/node/1145	1	1	0	0	0	0
http://bartoc.org/en/node/1146	1	1	0	0	0	0
http://bartoc.org/en/node/1147	1	0	0	0	0	0
http://bartoc.org/en/node/1148	0	0	2	1	2	0
http://bartoc.org/en/node/1149	1	0	0	0	0	0
http://bartoc.org/en/node/1150	0	0	2	1	2	0
http://bartoc.org/en/node/1151	1	0	0	0	0	0
http://bartoc.org/en/node/1153	1	0	0	0	0	0
http://bartoc.org/en/node/1154	0	0	2	1	2	0
http://bartoc.org/en/node/1155	0	0	3	1	3	0
http://bartoc.org/en/node/1156	1	0	0	0	0	0
http://bartoc.org/en/node/1157	1	0	0	0	0	0
http://bartoc.org/en/node/1158	0	0	2	1	2	0
http://bartoc.org/en/node/1159	1	0	0	0	0	1
http://bartoc.org/en/node/1160	0	0	2	1	2	0
http://bartoc.org/en/node/1161	1	0	0	0	0	0
http://bartoc.org/en/node/1162	1	0	0	0	0	0
http://bartoc.org/en/node/1163	1	0	0	0	0	0
http://bartoc.org/en/node/1164	1	0	0	0	0	0
http://bartoc.org/en/node/1165	1	0	0	0	0	0
http://bartoc.org/en/node/1166	0	0	2	1	2	0
http://bartoc.org/en/node/1167	1	0	0	0	0	0
http://bartoc.org/en/node/1168	1	0	0	0	0	0
http://bartoc.org/en/node/1169	1	0	0	0	0	0
http://bartoc.org/en/node/1170	1	0	0	0	0	0
http://bartoc.org/en/node/1171	1	0	0	0	0	0
http://bartoc.org/en/node/1172	1	0	0	0	0	0
http://bartoc.org/en/node/1173	1	0	0	0	0	0
http://bartoc.org/en/node/1174	1	1	0	0	0	0
http://bartoc.org/en/node/1175	1	0	0	0	0	0
http://bartoc.org/en/node/1176	0	0	2	1	2	0
http://bartoc.org/en/node/1177	0	0	2	1	2	0
http://bartoc.org/en/node/1178	1	0	0	0	0	0
http://bartoc.org/en/node/1179	1	1	0	0	0	1
http://bartoc.org/en/node/1180	0	0	2	1	2	0
http://bartoc.org/en/node/1181	0	0	3	1	3	0
http://bartoc.org/en/node/1182	0	0	2	1	2	0
http://bartoc.org/en/node/1183	1	0	0	0	0	0
http://bartoc.org/en/node/1184	1	0	0	0	0	0
http://bartoc.org/en/node/1185	1	0	0	0	0	0
http://bartoc.org/en/node/1186	1	1	0	0	0	0
http://bartoc.org/en/node/1187	1	0	0	0	0	1
http://bartoc.org/en/node/1188	1	0	0	0	0	0
http://bartoc.org/en/node/1189	1	0	0	0	0	0
http://bartoc.org/en/node/1190	1	1	0	0	0	0
http://bartoc.org/en/node/1191	1	0	0	0	0	0
http://bartoc.org/en/node/1192	0	0	2	1	2	0
http://bartoc.org/en/node/1193	1	0	0	0	0	0
http://bartoc.org/en/node/1194	0	0	2	1	2	0
http://bartoc.org/en/node/1195	1	1	0	0	0	0
http://bartoc.org/en/node/1196	0	0	2	1	2	0
http://bartoc.org/en/node/1197	1	0	0	0	0	0
http://bartoc.org/en/node/1198	1	0	0	0	0	0
http://bartoc.org/en/node/1199	0	0	3	1	3	0
http://bartoc.org/en/node/1200	0	0	2	1	2	0
http://bartoc.org/en/node/1201	1	0	0	0	0	0
http://bartoc.org/en/node/1202	0	0	3	1	3	0
http://bartoc.org/en/node/1203	0	0	3	1	3	0
http://bartoc.org/en/node/1204	1	0	0	0	0	0
http://bartoc.org/en/node/1205	1	1	0	0	0	0
http://bartoc.org/en/node/1206	1	1	0	0	0	0
http://bartoc.org/en/node/1207	1	1	0	0	0	0
http://bartoc.org/en/node/1208	0	0	2	1	2	0
http://bartoc.org/en/node/1209	0	0	2	1	2	0
http://bartoc.org/en/node/1210	0	0	2	1	2	0
http://bartoc.org/en/node/1211	1	0	0	0	0	0
http://bartoc.org/en/node/1212	0	0	2	1	2	0
http://bartoc.org/en/node/1213	1	0	0	0	0	0
http://bartoc.org/en/node/1214	1	1	0	0	0	0
http://bartoc.org/en/node/1215	0	0	2	1	2	0
http://bartoc.org/en/node/1216	1	0	0	0	0	0
http://bartoc.org/en/node/1217	1	0	0	0	0	0
http://bartoc.org/en/node/1218	1	0	0	0	0	0
http://bartoc.org/en/node/1219	0	0	2	1	2	0
http://bartoc.org/en/node/1220	0	0	2	1	2	0
http://bartoc.org/en/node/1221	0	0	2	1	2	0
http://bartoc.org/en/node/1222	1	0	0	0	0	0
http://bartoc.org/en/node/1223	1	0	0	0	0	0
http://bartoc.org/en/node/1224	0	0	2	1	2	0
http://bartoc.org/en/node/1225	0	0	2	1	2	0
http://bartoc.org/en/node/1226	0	0	2	1	2	0
http://bartoc.org/en/node/1227	0	0	2	1	2	0
http://bartoc.org/en/node/1228	1	0	0	0	0	0
http://bartoc.org/en/node/1229	1	0	0	0	0	0
http://bartoc.org/en/node/1230	1	0	0	0	0	0
http://bartoc.org/en/node/1231	1	0	0	0	0	0
http://bartoc.org/en/node/1232	0	0	2	1	2	0
http://bartoc.org/en/node/1233	0	0	3	1	3	0
http://bartoc.org/en/node/1234	0	0	4	1	4	0
http://bartoc.org/en/node/1235	0	0	2	1	2	0
http://bartoc.org/en/node/1236	1	0	0	0	0	1
http://bartoc.org/en/node/1237	0	0	2	1	2	0
http://bartoc.org/en/node/1238	1	0	0	0	0	0
http://bartoc.org/en/node/1239	0	0	2	1	2	0
http://bartoc.org/en/node/1240	1	0	0	0	0	0
http://bartoc.org/en/node/1241	1	0	0	0	0	0
http://bartoc.org/en/node/1242	1	0	0	0	0	0
http://bartoc.org/en/node/1243	1	0	0	0	0	0
http://bartoc.org/en/node/1244	1	0	0	0	0	0
http://bartoc.org/en/node/1245	0	0	3	1	3	0
http://bartoc.org/en/node/1246	1	0	0	0	0	0
http://bartoc.org/en/node/1247	0	0	2	1	2	0
http://bartoc.org/en/node/1248	0	0	3	1	3	0
http://bartoc.org/en/node/1249	0	0	2	1	2	0
http://bartoc.org/en/node/1250	0	0	2	1	2	0
http://bartoc.org/en/node/1251	1	1	0	0	0	0
http://bartoc.org/en/node/1252	0	0	2	1	2	0
http://bartoc.org/en/node/1253	1	0	0	0	0	0
http://bartoc.org/en/node/1254	1	0	0	0	0	0
http://bartoc.org/en/node/1255	1	0	0	0	0	0
http://bartoc.org/en/node/1256	1	1	0	0	0	0
http://bartoc.org/en/node/1257	1	1	0	0	0	0
http://bartoc.org/en/node/1258	1	1	0	0	0	0
http://bartoc.org/en/node/1259	0	0	5	1	5	0
http://bartoc.org/en/node/1260	0	0	11	1	11	0
http://bartoc.org/en/node/1261	0	0	8	1	8	0
http://bartoc.org/en/node/1262	1	1	0	0	0	0
http://bartoc.org/en/node/1263	0	0	2	1	2	0
http://bartoc.org/en/node/1264	1	0	0	0	0	0
http://bartoc.org/en/node/1265	1	0	0	0	0	0
http://bartoc.org/en/node/1266	1	0	0	0	0	0
http://bartoc.org/en/node/1267	1	0	0	0	0	0
http://bartoc.org/en/node/1268	1	0	0	0	0	0
http://bartoc.org/en/node/1269	1	1	0	0	0	0
http://bartoc.org/en/node/1270	1	1	0	0	0	0
http://bartoc.org/en/node/1271	0	0	2	1	2	0
http://bartoc.org/en/node/1272	0	0	2	1	2	0
http://bartoc.org/en/node/1273	1	0	0	0	0	0
http://bartoc.org/en/node/1274	1	0	0	0	0	0
http://bartoc.org/en/node/1275	1	0	0	0	0	1
http://bartoc.org/en/node/1276	0	0	3	1	3	0
http://bartoc.org/en/node/1277	0	0	3	1	3	0
http://bartoc.org/en/node/1278	0	0	3	1	3	0
http://bartoc.org/en/node/1279	0	0	3	1	3	0
http://bartoc.org/en/node/1280	0	0	3	1	3	0
http://bartoc.org/en/node/1281	0	0	3	1	3	0
http://bartoc.org/en/node/1282	0	0	3	1	3	0
http://bartoc.org/en/node/1283	0	0	3	1	3	0
http://bartoc.org/en/node/1284	0	0	3	1	3	0
http://bartoc.org/en/node/1285	0	0	3	1	3	0
http://bartoc.org/en/node/1286	0	0	3	1	3	0
http://bartoc.org/en/node/1287	0	0	3	1	3	0
http://bartoc.org/en/node/1288	0	0	3	1	3	0
http://bartoc.org/en/node/1289	0	0	3	1	3	0
http://bartoc.org/en/node/1290	0	0	3	1	3	0
http://bartoc.org/en/node/1291	0	0	3	1	3	0
http://bartoc.org/en/node/1292	0	0	3	1	3	0
http://bartoc.org/en/node/1293	0	0	3	1	3	0
http://bartoc.org/en/node/1294	0	0	3	1	3	0
http://bartoc.org/en/node/1295	0	0	3	1	3	0
http://bartoc.org/en/node/1296	0	0	3	1	3	0
http://bartoc.org/en/node/1297	0	0	3	1	3	0
http://bartoc.org/en/node/1298	0	0	3	1	3	0
http://bartoc.org/en/node/1299	0	0	3	1	3	0
http://bartoc.org/en/node/1300	0	0	3	1	3	0
http://bartoc.org/en/node/1301	0	0	3	1	3	0
http://bartoc.org/en/node/1302	0	0	3	1	3	0
http://bartoc.org/en/node/1303	0	0	3	1	3	0
http://bartoc.org/en/node/1304	0	0	3	1	3	0
http://bartoc.org/en/node/1305	0	0	3	1	3	0
http://bartoc.org/en/node/1306	0	0	3	1	3	0
http://bartoc.org/en/node/1307	0	0	2	1	2	0
http://bartoc.org/en/node/1308	1	1	0	0	0	0
http://bartoc.org/en/node/1309	1	0	0	0	0	0
http://bartoc.org/en/node/1310	0	0	2	1	2	0
http://bartoc.org/en/node/1311	1	0	0	0	0	0
http://bartoc.org/en/node/1312	0	0	2	1	2	0
http://bartoc.org/en/node/1313	0	0	2	1	2	0
http://bartoc.org/en/node/1314	0	0	2	1	2	0
http://bartoc.org/en/node/1315	1	0	0	0	0	0
http://bartoc.org/en/node/1316	1	0	0	0	0	0
http://bartoc.org/en/node/1317	1	0	0	0	0	0
http://bartoc.org/en/node/1318	0	0	2	1	2	0
http://bartoc.org/en/node/1319	1	0	0	0	0	0
http://bartoc.org/en/node/1320	1	0	0	0	0	0
http://bartoc.org/en/node/1321	1	0	0	0	0	0
http://bartoc.org/en/node/1322	0	0	2	1	2	0
http://bartoc.org/en/node/1323	1	1	0	0	0	1
http://bartoc.org/en/node/1324	1	0	0	0	0	1
http://bartoc.org/en/node/1325	0	0	2	1	2	1
http://bartoc.org/en/node/1326	1	0	0	0	0	0
http://bartoc.org/en/node/1327	0	0	3	1	3	0
http://bartoc.org/en/node/1328	0	0	2	1	2	0
http://bartoc.org/en/node/1329	1	0	0	0	0	1
http://bartoc.org/en/node/1330	1	0	0	0	0	0
http://bartoc.org/en/node/1331	1	0	0	0	0	0
http://bartoc.org/en/node/1332	1	0	0	0	0	0
http://bartoc.org/en/node/1333	1	0	0	0	0	0
http://bartoc.org/en/node/1334	0	0	3	1	3	0
http://bartoc.org/en/node/1335	1	0	0	0	0	0
http://bartoc.org/en/node/1336	1	0	0	0	0	0
http://bartoc.org/en/node/1337	1	0	0	0	0	0
http://bartoc.org/en/node/1338	1	0	0	0	0	0
http://bartoc.org/en/node/1339	0	0	2	1	2	0
http://bartoc.org/en/node/1340	1	0	0	0	0	0
http://bartoc.org/en/node/1341	1	0	0	0	0	0
http://bartoc.org/en/node/1342	1	0	0	0	0	0
http://bartoc.org/en/node/1343	1	0	0	0	0	0
http://bartoc.org/en/node/1344	1	0	0	0	0	0
http://bartoc.org/en/node/1345	0	0	2	1	2	0
http://bartoc.org/en/node/1346	0	0	2	1	2	0
http://bartoc.org/en/node/1347	1	0	0	0	0	0
http://bartoc.org/en/node/1348	0	0	2	1	2	0
http://bartoc.org/en/node/1349	1	1	0	0	0	0
http://bartoc.org/en/node/1350	1	0	0	0	0	1
http://bartoc.org/en/node/1351	1	1	0	0	0	1
http://bartoc.org/en/node/1352	1	0	0	0	0	0
http://bartoc.org/en/node/1353	1	0	0	0	0	0
http://bartoc.org/en/node/1354	1	0	0	0	0	0
http://bartoc.org/en/node/1355	0	0	2	1	2	0
http://bartoc.org/en/node/1356	0	0	2	1	2	0
http://bartoc.org/en/node/1357	1	0	0	0	0	0
http://bartoc.org/en/node/1358	0	0	2	1	2	0
http://bartoc.org/en/node/1359	1	0	0	0	0	0
http://bartoc.org/en/node/1360	1	0	0	0	0	0
http://bartoc.org/en/node/1361	1	0	0	0	0	0
http://bartoc.org/en/node/1362	0	0	2	1	2	0
http://bartoc.org/en/node/1363	1	0	0	0	0	0
http://bartoc.org/en/node/1364	0	0	2	1	2	0
http://bartoc.org/en/node/1365	1	0	0	0	0	0
http://bartoc.org/en/node/1366	1	0	0	0	0	0
http://bartoc.org/en/node/1367	1	1	0	0	0	0
http://bartoc.org/en/node/1368	1	0	0	0	0	1
http://bartoc.org/en/node/1369	1	0	0	0	0	0
http://bartoc.org/en/node/1370	1	0	0	0	0	0
http://bartoc.org/en/node/1371	0	0	2	1	2	0
http://bartoc.org/en/node/1372	1	0	0	0	0	0
http://bartoc.org/en/node/1373	1	0	0	0	0	0
http://bartoc.org/en/node/1374	1	0	0	0	0	0
http://bartoc.org/en/node/1375	1	0	0	0	0	0
http://bartoc.org/en/node/1376	1	1	0	0	0	0
http://bartoc.org/en/node/1377	1	0	0	0	0	0
http://bartoc.org/en/node/1378	1	0	0	0	0	0
http://bartoc.org/en/node/1379	1	0	0	0	0	0
http://bartoc.org/en/node/1380	1	0	0	0	0	0
http://bartoc.org/en/node/1381	1	0	0	0	0	0
http://bartoc.org/en/node/1382	1	0	0	0	0	0
http://bartoc.org/en/node/1383	1	0	0	0	0	0
http://bartoc.org/en/node/1384	1	0	0	0	0	0
http://bartoc.org/en/node/1385	1	0	0	0	0	0
http://bartoc.org/en/node/1386	1	0	0	0	0	0
http://bartoc.org/en/node/1387	1	0	0	0	0	0
http://bartoc.org/en/node/1388	1	0	0	0	0	0
http://bartoc.org/en/node/1389	1	0	0	0	0	0
http://bartoc.org/en/node/1390	1	0	0	0	0	0
http://bartoc.org/en/node/1391	1	0	0	0	0	0
http://bartoc.org/en/node/1392	1	0	0	0	0	0
http://bartoc.org/en/node/1393	1	0	0	0	0	0
http://bartoc.org/en/node/1394	1	0	0	0	0	0
http://bartoc.org/en/node/1395	1	0	0	0	0	0
http://bartoc.org/en/node/1396	1	0	0	0	0	0
http://bartoc.org/en/node/1397	1	0	0	0	0	0
http://bartoc.org/en/node/1398	1	0	0	0	0	0
http://bartoc.org/en/node/1399	1	0	0	0	0	0
http://bartoc.org/en/node/1400	1	0	0	0	0	0
http://bartoc.org/en/node/1401	1	0	0	0	0	0
http://bartoc.org/en/node/1402	1	1	0	0	0	1
http://bartoc.org/en/node/1403	0	0	3	1	3	0
http://bartoc.org/en/node/1404	1	0	0	0	0	0
http://bartoc.org/en/node/1405	1	0	0	0	0	0
http://bartoc.org/en/node/1406	1	0	0	0	0	0
http://bartoc.org/en/node/1407	1	0	0	0	0	0
http://bartoc.org/en/node/1408	1	0	0	0	0	0
http://bartoc.org/en/node/1409	1	1	0	0	0	1
http://bartoc.org/en/node/1410	0	0	3	1	3	0
http://bartoc.org/en/node/1411	0	0	2	1	2	0
http://bartoc.org/en/node/1412	0	0	2	1	2	0
http://bartoc.org/en/node/1413	1	1	0	0	0	0
http://bartoc.org/en/node/1414	0	0	2	1	2	0
http://bartoc.org/en/node/1415	0	0	2	1	2	0
http://bartoc.org/en/node/1416	0	0	2	1	2	0
http://bartoc.org/en/node/1417	0	0	2	1	2	0
http://bartoc.org/en/node/1418	0	0	2	1	2	0
http://bartoc.org/en/node/1419	0	0	2	1	2	0
http://bartoc.org/en/node/1420	1	0	0	0	0	0
http://bartoc.org/en/node/1421	1	0	0	0	0	0
http://bartoc.org/en/node/1422	1	0	0	0	0	0
http://bartoc.org/en/node/1423	1	0	0	0	0	0
http://bartoc.org/en/node/1424	1	1	0	0	0	0
http://bartoc.org/en/node/1425	0	0	2	1	2	0
http://bartoc.org/en/node/1426	1	0	0	0	0	0
http://bartoc.org/en/node/1427	0	0	2	1	2	0
http://bartoc.org/en/node/1428	0	0	2	1	2	0
http://bartoc.org/en/node/1429	0	0	2	1	2	0
http://bartoc.org/en/node/1430	0	0	2	1	2	0
http://bartoc.org/en/node/1431	1	0	0	0	0	0
http://bartoc.org/en/node/1432	1	0	0	0	0	0
http://bartoc.org/en/node/1433	1	0	0	0	0	0
http://bartoc.org/en/node/1434	1	0	0	0	0	0
http://bartoc.org/en/node/1435	0	0	3	1	3	0
http://bartoc.org/en/node/1436	1	0	0	0	0	0
http://bartoc.org/en/node/1437	1	0	0	0	0	0
http://bartoc.org/en/node/1438	1	0	0	0	0	0
http://bartoc.org/en/node/1439	1	0	0	0	0	0
http://bartoc.org/en/node/1440	1	0	0	0	0	0
http://bartoc.org/en/node/1441	1	0	0	0	0	0
http://bartoc.org/en/node/1442	1	0	0	0	0	0
http://bartoc.org/en/node/1443	1	0	0	0	0	0
http://bartoc.org/en/node/1444	1	0	0	0	0	1
http://bartoc.org/en/node/1445	1	0	0	0	0	0
http://bartoc.org/en/node/1446	1	0	0	0	0	0
http://bartoc.org/en/node/1447	1	0	0	0	0	0
http://bartoc.org/en/node/1448	0	0	2	1	2	0
http://bartoc.org/en/node/1449	1	0	0	0	0	0
http://bartoc.org/en/node/1450	1	0	0	0	0	0
http://bartoc.org/en/node/1451	1	0	0	0	0	0
http://bartoc.org/en/node/1452	1	0	0	0	0	0
http://bartoc.org/en/node/1453	0	0	2	1	2	0
http://bartoc.org/en/node/1454	1	0	0	0	0	0
http://bartoc.org/en/node/1455	1	0	0	0	0	0
http://bartoc.org/en/node/1456	1	0	0	0	0	0
http://bartoc.org/en/node/1457	1	0	0	0	0	0
http://bartoc.org/en/node/1458	1	0	0	0	0	0
http://bartoc.org/en/node/1459	1	0	0	0	0	0
http://bartoc.org/en/node/1460	1	0	0	0	0	0
http://bartoc.org/en/node/1461	1	0	0	0	0	0
http://bartoc.org/en/node/1462	1	0	0	0	0	0
http://bartoc.org/en/node/1463	1	0	0	0	0	0
http://bartoc.org/en/node/1464	1	0	0	0	0	0
http://bartoc.org/en/node/1465	1	0	0	0	0	0
http://bartoc.org/en/node/1466	1	0	0	0	0	0
http://bartoc.org/en/node/1467	1	0	0	0	0	0
http://bartoc.org/en/node/1468	1	0	0	0	0	0
http://bartoc.org/en/node/1469	1	0	0	0	0	0
http://bartoc.org/en/node/1470	1	0	0	0	0	0
http://bartoc.org/en/node/1471	1	0	0	0	0	0
http://bartoc.org/en/node/1472	1	0	0	0	0	0
http://bartoc.org/en/node/1473	1	0	0	0	0	0
http://bartoc.org/en/node/1474	1	1	0	0	0	0
http://bartoc.org/en/node/1475	1	0	0	0	0	0
http://bartoc.org/en/node/1476	1	0	0	0	0	0
http://bartoc.org/en/node/1477	1	0	0	0	0	0
http://bartoc.org/en/node/1478	1	0	0	0	0	0
http://bartoc.org/en/node/1479	1	0	0	0	0	0
http://bartoc.org/en/node/1480	1	0	0	0	0	0
http://bartoc.org/en/node/1481	1	0	0	0	0	0
http://bartoc.org/en/node/1482	1	0	0	0	0	0
http://bartoc.org/en/node/1483	1	0	0	0	0	0
http://bartoc.org/en/node/1484	1	0	0	0	0	0
http://bartoc.org/en/node/1485	0	0	3	1	3	0
http://bartoc.org/en/node/1486	1	0	0	0	0	0
http://bartoc.org/en/node/1487	1	0	0	0	0	0
http://bartoc.org/en/node/1488	1	0	0	0	0	0
http://bartoc.org/en/node/1489	1	1	0	0	0	0
http://bartoc.org/en/node/1490	1	0	0	0	0	0
http://bartoc.org/en/node/1491	1	0	0	0	0	0
http://bartoc.org/en/node/1492	1	0	0	0	0	0
http://bartoc.org/en/node/1493	1	0	0	0	0	0
http://bartoc.org/en/node/1494	1	0	0	0	0	0
http://bartoc.org/en/node/1495	1	0	0	0	0	0
http://bartoc.org/en/node/1496	0	0	2	1	2	0
http://bartoc.org/en/node/1497	0	0	2	1	2	0
http://bartoc.org/en/node/1498	1	0	0	0	0	0
http://bartoc.org/en/node/1499	1	0	0	0	0	0
http://bartoc.org/en/node/1500	1	0	0	0	0	0
http://bartoc.org/en/node/1501	1	0	0	0	0	0
http://bartoc.org/en/node/1502	1	0	0	0	0	0
http://bartoc.org/en/node/1503	1	0	0	0	0	0
http://bartoc.org/en/node/1504	1	1	0	0	0	0
http://bartoc.org/en/node/1505	1	1	0	0	0	0
http://bartoc.org/en/node/1506	1	0	0	0	0	0
http://bartoc.org/en/node/1507	0	0	2	1	2	0
http://bartoc.org/en/node/1508	1	0	0	0	0	0
http://bartoc.org/en/node/1509	1	0	0	0	0	0
http://bartoc.org/en/node/1510	1	0	0	0	0	0
http://bartoc.org/en/node/1511	1	0	0	0	0	0
http://bartoc.org/en/node/1512	1	1	0	0	0	0
http://bartoc.org/en/node/1513	1	0	0	0	0	0
http://bartoc.org/en/node/1515	0	0	2	1	2	0
http://bartoc.org/en/node/1516	1	0	0	0	0	0
http://bartoc.org/en/node/1517	1	0	0	0	0	0
http://bartoc.org/en/node/1518	1	0	0	0	0	0
http://bartoc.org/en/node/1519	1	0	0	0	0	0
http://bartoc.org/en/node/1520	1	0	0	0	0	0
http://bartoc.org/en/node/1521	1	0	0	0	0	0
http://bartoc.org/en/node/1522	1	0	0	0	0	0
http://bartoc.org/en/node/1523	1	0	0	0	0	0
http://bartoc.org/en/node/1524	1	0	0	0	0	0
http://bartoc.org/en/node/1525	1	0	0	0	0	0
http://bartoc.org/en/node/1526	1	0	0	0	0	0
http://bartoc.org/en/node/1527	1	0	0	0	0	0
http://bartoc.org/en/node/1528	1	0	0	0	0	0
http://bartoc.org/en/node/1529	1	0	0	0	0	0
http://bartoc.org/en/node/1530	1	0	0	0	0	0
http://bartoc.org/en/node/1531	1	0	0	0	0	0
http://bartoc.org/en/node/1532	1	1	0	0	0	0
http://bartoc.org/en/node/1533	0	0	2	1	2	0
http://bartoc.org/en/node/1534	1	1	0	0	0	0
http://bartoc.org/en/node/1535	1	1	0	0	0	0
http://bartoc.org/en/node/1536	1	1	0	0	0	0
http://bartoc.org/en/node/1537	1	1	0	0	0	0
http://bartoc.org/en/node/1538	1	1	0	0	0	0
http://bartoc.org/en/node/1540	1	0	0	0	0	0
http://bartoc.org/en/node/1541	1	1	0	0	0	0
http://bartoc.org/en/node/1542	1	1	0	0	0	0
http://bartoc.org/en/node/1543	1	1	0	0	0	0
http://bartoc.org/en/node/1544	1	1	0	0	0	0
http://bartoc.org/en/node/1545	1	1	0	0	0	0
http://bartoc.org/en/node/1546	1	1	0	0	0	0
http://bartoc.org/en/node/1547	1	1	0	0	0	0
http://bartoc.org/en/node/1548	1	1	0	0	0	0
http://bartoc.org/en/node/1549	1	1	0	0	0	0
http://bartoc.org/en/node/1550	1	1	0	0	0	0
http://bartoc.org/en/node/1551	1	0	0	0	0	0
http://bartoc.org/en/node/1552	1	1	0	0	0	0
http://bartoc.org/en/node/1553	1	1	0	0	0	0
http://bartoc.org/en/node/1554	1	1	0	0	0	0
http://bartoc.org/en/node/1555	1	1	0	0	0	0
http://bartoc.org/en/node/1556	1	1	0	0	0	0
http://bartoc.org/en/node/1557	1	1	0	0	0	0
http://bartoc.org/en/node/1558	1	1	0	0	0	0
http://bartoc.org/en/node/1559	0	0	2	1	2	0
http://bartoc.org/en/node/1560	1	1	0	0	0	0
http://bartoc.org/en/node/1561	1	1	0	0	0	0
http://bartoc.org/en/node/1562	1	1	0	0	0	0
http://bartoc.org/en/node/1563	1	1	0	0	0	0
http://bartoc.org/en/node/1564	1	1	0	0	0	0
http://bartoc.org/en/node/1565	1	1	0	0	0	0
http://bartoc.org/en/node/1566	1	1	0	0	0	0
http://bartoc.org/en/node/1567	1	1	0	0	0	0
http://bartoc.org/en/node/1568	1	1	0	0	0	0
http://bartoc.org/en/node/1569	1	1	0	0	0	0
http://bartoc.org/en/node/1570	1	1	0	0	0	0
http://bartoc.org/en/node/1571	1	1	0	0	0	0
http://bartoc.org/en/node/1572	1	1	0	0	0	0
http://bartoc.org/en/node/1573	1	1	0	0	0	0
http://bartoc.org/en/node/1574	1	1	0	0	0	0
http://bartoc.org/en/node/1575	1	0	0	0	0	0
http://bartoc.org/en/node/1576	0	0	0	1	0	1
http://bartoc.org/en/node/1577	1	1	0	0	0	0
http://bartoc.org/en/node/1578	1	1	0	0	0	0
http://bartoc.org/en/node/1579	1	1	0	0	0	0
http://bartoc.org/en/node/1580	1	1	0	0	0	0
http://bartoc.org/en/node/1581	1	1	0	0	0	0
http://bartoc.org/en/node/1582	1	1	0	0	0	0
http://bartoc.org/en/node/1583	1	1	0	0	0	0
http://bartoc.org/en/node/1584	1	1	0	0	0	0
http://bartoc.org/en/node/1585	1	1	0	0	0	0
http://bartoc.org/en/node/1586	1	1	0	0	0	0
http://bartoc.org/en/node/1587	1	1	0	0	0	0
http://bartoc.org/en/node/1588	1	1	0	0	0	0
http://bartoc.org/en/node/1589	1	1	0	0	0	0
http://bartoc.org/en/node/1590	1	1	0	0	0	0
http://bartoc.org/en/node/1591	1	1	0	0	0	0
http://bartoc.org/en/node/1592	1	1	0	0	0	0
http://bartoc.org/en/node/1593	1	1	0	0	0	0
http://bartoc.org/en/node/1594	1	1	0	0	0	0
http://bartoc.org/en/node/1595	1	1	0	0	0	0
http://bartoc.org/en/node/1596	1	1	0	0	0	0
http://bartoc.org/en/node/1597	1	1	0	0	0	0
http://bartoc.org/en/node/1598	1	1	0	0	0	0
http://bartoc.org/en/node/1599	1	1	0	0	0	0
http://bartoc.org/en/node/1600	1	1	0	0	0	0
http://bartoc.org/en/node/1601	1	1	0	0	0	0
http://bartoc.org/en/node/1602	1	1	0	0	0	0
http://bartoc.org/en/node/1603	1	1	0	0	0	0
http://bartoc.org/en/node/1604	1	1	0	0	0	0
http://bartoc.org/en/node/1605	1	1	0	0	0	0
http://bartoc.org/en/node/1606	1	1	0	0	0	0
http://bartoc.org/en/node/1607	1	1	0	0	0	0
http://bartoc.org/en/node/1608	1	1	0	0	0	0
http://bartoc.org/en/node/1609	1	1	0	0	0	0
http://bartoc.org/en/node/1610	1	1	0	0	0	0
http://bartoc.org/en/node/1611	1	1	0	0	0	0
http://bartoc.org/en/node/1612	1	1	0	0	0	0
http://bartoc.org/en/node/1613	1	1	0	0	0	0
http://bartoc.org/en/node/1614	1	1	0	0	0	0
http://bartoc.org/en/node/1615	1	1	0	0	0	0
http://bartoc.org/en/node/1616	1	1	0	0	0	0
http://bartoc.org/en/node/1617	1	0	0	0	0	0
http://bartoc.org/en/node/1618	1	1	0	0	0	0
http://bartoc.org/en/node/1619	1	1	0	0	0	0
http://bartoc.org/en/node/1620	1	1	0	0	0	0
http://bartoc.org/en/node/1621	1	1	0	0	0	0
http://bartoc.org/en/node/1622	1	1	0	0	0	0
http://bartoc.org/en/node/1623	1	0	0	0	0	0
http://bartoc.org/en/node/1624	1	1	0	0	0	0
http://bartoc.org/en/node/1625	1	1	0	0	0	0
http://bartoc.org/en/node/1626	1	0	0	0	0	0
http://bartoc.org/en/node/1627	1	0	0	0	0	0
http://bartoc.org/en/node/1628	1	0	0	0	0	0
http://bartoc.org/en/node/1629	1	0	0	0	0	0
http://bartoc.org/en/node/1630	1	0	0	0	0	0
http://bartoc.org/en/node/1631	1	0	0	0	0	0
http://bartoc.org/en/node/1632	1	0	0	0	0	0
http://bartoc.org/en/node/1633	1	0	0	0	0	0
http://bartoc.org/en/node/1634	0	0	3	1	3	0
http://bartoc.org/en/node/1635	0	0	2	1	2	0
http://bartoc.org/en/node/1636	1	0	0	0	0	0
http://bartoc.org/en/node/1637	1	1	0	0	0	1
http://bartoc.org/en/node/1638	1	0	0	0	0	0
http://bartoc.org/en/node/1639	1	0	0	0	0	0
http://bartoc.org/en/node/1640	0	0	2	1	2	0
http://bartoc.org/en/node/1641	1	1	0	0	0	0
http://bartoc.org/en/node/1642	1	0	0	0	0	0
http://bartoc.org/en/node/1643	0	0	2	1	2	0
http://bartoc.org/en/node/1644	0	0	2	1	2	0
http://bartoc.org/en/node/1645	1	0	0	0	0	1
http://bartoc.org/en/node/1646	0	0	2	1	2	0
http://bartoc.org/en/node/1647	1	0	0	0	0	0
http://bartoc.org/en/node/1648	0	0	2	1	2	0
http://bartoc.org/en/node/1649	0	0	2	1	2	0
http://bartoc.org/en/node/1650	1	0	0	0	0	0
http://bartoc.org/en/node/1651	1	0	0	0	0	0
http://bartoc.org/en/node/1653	1	0	0	0	0	0
http://bartoc.org/en/node/1654	1	0	0	0	0	0
http://bartoc.org/en/node/1655	1	0	0	0	0	0
http://bartoc.org/en/node/1656	1	0	0	0	0	0
http://bartoc.org/en/node/1657	0	0	3	1	3	1
http://bartoc.org/en/node/1658	0	0	2	1	2	1
http://bartoc.org/en/node/1659	1	0	0	0	0	0
http://bartoc.org/en/node/1660	1	0	0	0	0	0
http://bartoc.org/en/node/1661	1	1	0	0	0	0
http://bartoc.org/en/node/1662	1	0	0	0	0	0
http://bartoc.org/en/node/1663	1	0	0	0	0	0
http://bartoc.org/en/node/1664	1	0	0	0	0	0
http://bartoc.org/en/node/1665	1	0	0	0	0	0
http://bartoc.org/en/node/1666	1	0	0	0	0	0
http://bartoc.org/en/node/1667	0	0	2	1	2	0
http://bartoc.org/en/node/1668	1	0	0	0	0	0
http://bartoc.org/en/node/1669	1	1	0	0	0	0
http://bartoc.org/en/node/1670	1	0	0	0	0	0
http://bartoc.org/en/node/1671	1	0	0	0	0	0
http://bartoc.org/en/node/1672	1	0	0	0	0	0
http://bartoc.org/en/node/1673	0	0	2	1	2	0
http://bartoc.org/en/node/1674	1	0	0	0	0	0
http://bartoc.org/en/node/1675	1	1	0	0	0	0
http://bartoc.org/en/node/1676	1	1	0	0	0	0
http://bartoc.org/en/node/1677	0	0	2	1	2	0
http://bartoc.org/en/node/1678	1	0	0	0	0	0
http://bartoc.org/en/node/1679	1	0	0	0	0	1
http://bartoc.org/en/node/1680	1	1	0	0	0	0
http://bartoc.org/en/node/1681	1	0	0	0	0	1
http://bartoc.org/en/node/1682	1	0	0	0	0	0
http://bartoc.org/en/node/1683	1	0	0	0	0	0
http://bartoc.org/en/node/1684	0	0	2	1	2	1
http://bartoc.org/en/node/1685	1	0	0	0	0	0
http://bartoc.org/en/node/1686	0	0	2	1	2	0
http://bartoc.org/en/node/1688	1	0	0	0	0	1
http://bartoc.org/en/node/1689	0	0	2	1	2	0
http://bartoc.org/en/node/1690	1	0	0	0	0	0
http://bartoc.org/en/node/1691	1	0	0	0	0	1
http://bartoc.org/en/node/1692	0	0	2	1	2	0
http://bartoc.org/en/node/1693	1	0	0	0	0	1
http://bartoc.org/en/node/1694	0	0	2	1	2	0
http://bartoc.org/en/node/1695	1	0	0	0	0	0
http://bartoc.org/en/node/1696	1	1	0	0	0	0
http://bartoc.org/en/node/1697	0	0	2	1	2	0
http://bartoc.org/en/node/1698	1	1	0	0	0	0
http://bartoc.org/en/node/1699	0	0	2	1	2	0
http://bartoc.org/en/node/1700	0	0	2	1	2	0
http://bartoc.org/en/node/1701	0	0	2	1	2	0
http://bartoc.org/en/node/1702	0	0	2	1	2	0
http://bartoc.org/en/node/1703	1	1	0	0	0	0
http://bartoc.org/en/node/1704	1	0	0	0	0	0
http://bartoc.org/en/node/1705	1	1	0	0	0	0
http://bartoc.org/en/node/1706	1	1	0	0	0	0
http://bartoc.org/en/node/1707	1	0	0	0	0	0
http://bartoc.org/en/node/1708	1	0	0	0	0	0
http://bartoc.org/en/node/1709	0	0	2	1	2	0
http://bartoc.org/en/node/1710	0	0	2	1	2	0
http://bartoc.org/en/node/1711	1	1	0	0	0	0
http://bartoc.org/en/node/1712	0	0	3	1	3	0
http://bartoc.org/en/node/1743	1	0	0	0	0	0
http://bartoc.org/en/node/1748	1	1	0	0	0	0
http://bartoc.org/en/node/1750	1	0	0	0	0	0
http://bartoc.org/en/node/1751	1	0	0	0	0	1
http://bartoc.org/en/node/1754	1	1	0	0	0	0
http://bartoc.org/en/node/1755	1	0	0	0	0	0
http://bartoc.org/en/node/1756	1	0	0	0	0	1
http://bartoc.org/en/node/1757	0	0	2	1	2	0
http://bartoc.org/en/node/1758	1	0	0	0	0	0
http://bartoc.org/en/node/1759	1	0	0	0	0	0
http://bartoc.org/en/node/1760	0	0	2	1	2	0
http://bartoc.org/en/node/1761	0	0	4	1	4	0
http://bartoc.org/en/node/1763	1	0	0	0	0	0
http://bartoc.org/en/node/1764	0	0	2	1	2	0
http://bartoc.org/en/node/1765	0	0	2	1	2	0
http://bartoc.org/en/node/1766	0	0	2	1	2	0
http://bartoc.org/en/node/1767	0	0	2	1	2	0
http://bartoc.org/en/node/1768	1	0	0	0	0	0
http://bartoc.org/en/node/1769	1	0	0	0	0	0
http://bartoc.org/en/node/1770	1	0	0	0	0	0
http://bartoc.org/en/node/1771	1	0	0	0	0	0
http://bartoc.org/en/node/1772	1	0	0	0	0	0
http://bartoc.org/en/node/1773	1	0	0	0	0	0
http://bartoc.org/en/node/1774	1	0	0	0	0	0
http://bartoc.org/en/node/1775	1	0	0	0	0	0
http://bartoc.org/en/node/1776	1	0	0	0	0	1
http://bartoc.org/en/node/1777	1	0	0	0	0	0
http://bartoc.org/en/node/1778	1	0	0	0	0	1
http://bartoc.org/en/node/1779	1	0	0	0	0	1
http://bartoc.org/en/node/1780	1	0	0	0	0	0
http://bartoc.org/en/node/1781	1	0	0	0	0	0
http://bartoc.org/en/node/1782	1	0	0	0	0	0
http://bartoc.org/en/node/1783	1	0	0	0	0	0
http://bartoc.org/en/node/1784	1	0	0	0	0	0
http://bartoc.org/en/node/1786	1	0	0	0	0	0
http://bartoc.org/en/node/1787	1	1	0	0	0	1
http://bartoc.org/en/node/1788	1	1	0	0	0	1
http://bartoc.org/en/node/1789	0	0	2	1	2	0
http://bartoc.org/en/node/1790	1	0	0	0	0	0
http://bartoc.org/en/node/1791	1	0	0	0	0	1
http://bartoc.org/en/node/1792	1	0	0	0	0	1
http://bartoc.org/en/node/1793	0	0	2	1	2	0
http://bartoc.org/en/node/1794	1	1	0	0	0	0
http://bartoc.org/en/node/1795	1	1	0	0	0	0
http://bartoc.org/en/node/1796	1	0	0	0	0	1
http://bartoc.org/en/node/1797	1	0	0	0	0	1
http://bartoc.org/en/node/1799	1	0	0	0	0	0
http://bartoc.org/en/node/1800	1	0	0	0	0	0
http://bartoc.org/en/node/1801	1	0	0	0	0	0
http://bartoc.org/en/node/1802	1	0	0	0	0	0
http://bartoc.org/en/node/1803	1	0	0	0	0	0
http://bartoc.org/en/node/1804	1	0	0	0	0	0
http://bartoc.org/en/node/1805	1	0	0	0	0	0
http://bartoc.org/en/node/1806	1	0	0	0	0	0
http://bartoc.org/en/node/1808	1	0	0	0	0	0
http://bartoc.org/en/node/1809	1	0	0	0	0	0
http://bartoc.org/en/node/1810	1	0	0	0	0	0
http://bartoc.org/en/node/1811	1	0	0	0	0	0
http://bartoc.org/en/node/1812	1	0	0	0	0	0
http://bartoc.org/en/node/1813	1	0	0	0	0	0
http://bartoc.org/en/node/1814	1	0	0	0	0	0
http://bartoc.org/en/node/1815	1	0	0	0	0	0
http://bartoc.org/en/node/1816	1	0	0	0	0	0
http://bartoc.org/en/node/1817	0	0	3	1	3	0
http://bartoc.org/en/node/1819	1	1	0	0	0	0
http://bartoc.org/en/node/1820	1	0	0	0	0	0
http://bartoc.org/en/node/1821	1	0	0	0	0	0
http://bartoc.org/en/node/1822	1	0	0	0	0	0
http://bartoc.org/en/node/1824	1	0	0	0	0	0
http://bartoc.org/en/node/1825	1	0	0	0	0	0
http://bartoc.org/en/node/1826	1	0	0	0	0	0
http://bartoc.org/en/node/1827	1	0	0	0	0	0
http://bartoc.org/en/node/1828	1	0	0	0	0	0
http://bartoc.org/en/node/1829	1	0	0	0	0	0
http://bartoc.org/en/node/1830	0	0	2	1	2	0
http://bartoc.org/en/node/1831	1	0	0	0	0	0
http://bartoc.org/en/node/1832	1	0	0	0	0	0
http://bartoc.org/en/node/1833	1	0	0	0	0	0
http://bartoc.org/en/node/1834	1	0	0	0	0	0
http://bartoc.org/en/node/1835	1	0	0	0	0	0
http://bartoc.org/en/node/1836	1	0	0	0	0	0
http://bartoc.org/en/node/1837	1	0	0	0	0	0
http://bartoc.org/en/node/1838	1	0	0	0	0	0
http://bartoc.org/en/node/1839	1	0	0	0	0	0
http://bartoc.org/en/node/1840	1	0	0	0	0	0
http://bartoc.org/en/node/1841	1	0	0	0	0	0
http://bartoc.org/en/node/1842	1	0	0	0	0	0
http://bartoc.org/en/node/1843	1	0	0	0	0	0
http://bartoc.org/en/node/1844	1	0	0	0	0	0
http://bartoc.org/en/node/1845	1	0	0	0	0	0
http://bartoc.org/en/node/1846	1	0	0	0	0	0
http://bartoc.org/en/node/1847	1	0	0	0	0	0
http://bartoc.org/en/node/1848	1	0	0	0	0	0
http://bartoc.org/en/node/1849	1	0	0	0	0	0
http://bartoc.org/en/node/1850	1	0	0	0	0	0
http://bartoc.org/en/node/1851	0	0	2	1	2	0
http://bartoc.org/en/node/1852	0	0	2	1	2	0
http://bartoc.org/en/node/1853	1	0	0	0	0	0
http://bartoc.org/en/node/1854	1	0	0	0	0	0
http://bartoc.org/en/node/1855	1	0	0	0	0	0
http://bartoc.org/en/node/1856	1	0	0	0	0	0
http://bartoc.org/en/node/1857	1	1	0	0	0	0
http://bartoc.org/en/node/1858	1	0	0	0	0	0
http://bartoc.org/en/node/1859	0	0	2	1	2	0
http://bartoc.org/en/node/1860	1	1	0	0	0	0
http://bartoc.org/en/node/1861	1	1	0	0	0	0
http://bartoc.org/en/node/1862	1	0	0	0	0	0
http://bartoc.org/en/node/1863	1	0	0	0	0	0
http://bartoc.org/en/node/1864	1	1	0	0	0	0
http://bartoc.org/en/node/1865	1	0	0	0	0	0
http://bartoc.org/en/node/1866	1	0	0	0	0	0
http://bartoc.org/en/node/1867	1	0	0	0	0	0
http://bartoc.org/en/node/1868	1	0	0	0	0	0
http://bartoc.org/en/node/1869	0	0	2	1	2	0
http://bartoc.org/en/node/1870	1	0	0	0	0	0
http://bartoc.org/en/node/1871	1	0	0	0	0	0
http://bartoc.org/en/node/1872	0	0	4	1	4	0
http://bartoc.org/en/node/1873	1	0	0	0	0	0
http://bartoc.org/en/node/1874	0	0	2	1	2	0
http://bartoc.org/en/node/1875	1	0	0	0	0	0
http://bartoc.org/en/node/1876	1	0	0	0	0	0
http://bartoc.org/en/node/1877	1	0	0	0	0	0
http://bartoc.org/en/node/1878	1	0	0	0	0	0
http://bartoc.org/en/node/1879	1	0	0	0	0	0
http://bartoc.org/en/node/1880	1	0	0	0	0	1
http://bartoc.org/en/node/1881	0	0	2	1	2	0
http://bartoc.org/en/node/1882	1	0	0	0	0	0
http://bartoc.org/en/node/1883	1	0	0	0	0	1
http://bartoc.org/en/node/1884	0	0	2	1	2	0
http://bartoc.org/en/node/1885	0	0	2	1	2	0
http://bartoc.org/en/node/1886	0	0	2	1	2	0
http://bartoc.org/en/node/1888	1	0	0	0	0	0
http://bartoc.org/en/node/1889	0	0	2	1	2	0
http://bartoc.org/en/node/1890	0	0	2	1	2	0
http://bartoc.org/en/node/1891	0	0	2	1	2	0
http://bartoc.org/en/node/1892	0	0	2	1	2	0
http://bartoc.org/en/node/1893	1	0	0	0	0	0
http://bartoc.org/en/node/1894	1	1	0	0	0	1
http://bartoc.org/en/node/1895	1	0	0	0	0	1
http://bartoc.org/en/node/1897	0	0	0	1	0	1
http://bartoc.org/en/node/1898	1	0	0	0	0	0
http://bartoc.org/en/node/1899	0	0	2	1	2	0
http://bartoc.org/en/node/1902	0	0	2	1	2	0
http://bartoc.org/en/node/1903	0	0	2	1	2	0
http://bartoc.org/en/node/1905	1	0	0	0	0	0
http://bartoc.org/en/node/1906	1	0	0	0	0	0
http://bartoc.org/en/node/1907	1	0	0	0	0	0
http://bartoc.org/en/node/1908	1	0	0	0	0	0
http://bartoc.org/en/node/1909	1	0	0	0	0	1
http://bartoc.org/en/node/1910	1	1	0	0	0	0
http://bartoc.org/en/node/1911	1	1	0	0	0	0
http://bartoc.org/en/node/1912	1	0	0	0	0	0
http://bartoc.org/en/node/1913	1	0	0	0	0	0
http://bartoc.org/en/node/1914	0	0	2	1	2	0
http://bartoc.org/en/node/1915	0	0	2	1	2	0
http://bartoc.org/en/node/1916	0	0	2	1	2	0
http://bartoc.org/en/node/1936	1	1	0	0	0	0
http://bartoc.org/en/node/1937	1	0	0	0	0	1
http://bartoc.org/en/node/1939	1	0	0	0	0	1
http://bartoc.org/en/node/1940	1	1	0	0	0	0
http://bartoc.org/en/node/1941	0	0	2	1	2	0
http://bartoc.org/en/node/1944	1	1	0	0	0	0
http://bartoc.org/en/node/1945	1	0	0	0	0	0
http://bartoc.org/en/node/1946	1	0	0	0	0	0
http://bartoc.org/en/node/1947	1	0	0	0	0	0
http://bartoc.org/en/node/1949	1	1	0	0	0	0
http://bartoc.org/en/node/1950	1	0	0	0	0	0
http://bartoc.org/en/node/1951	1	0	0	0	0	1
http://bartoc.org/en/node/1952	1	0	0	0	0	0
http://bartoc.org/en/node/1953	1	0	0	0	0	0
http://bartoc.org/en/node/1954	1	1	0	0	0	0
http://bartoc.org/en/node/1955	1	0	0	0	0	0
http://bartoc.org/en/node/1956	1	0	0	0	0	0
http://bartoc.org/en/node/1957	1	0	0	0	0	0
http://bartoc.org/en/node/1958	1	0	0	0	0	0
http://bartoc.org/en/node/1959	1	0	0	0	0	0
http://bartoc.org/en/node/1960	0	0	2	1	2	0
http://bartoc.org/en/node/1961	0	0	2	1	2	0
http://bartoc.org/en/node/1962	1	1	0	0	0	0
http://bartoc.org/en/node/1963	0	0	2	1	2	0
http://bartoc.org/en/node/1964	1	0	0	0	0	1
http://bartoc.org/en/node/1965	1	0	0	0	0	1
http://bartoc.org/en/node/1966	1	1	0	0	0	0
http://bartoc.org/en/node/1967	1	0	0	0	0	0
http://bartoc.org/en/node/1968	0	0	2	1	2	0
http://bartoc.org/en/node/1969	1	0	0	0	0	0
http://bartoc.org/en/node/1970	1	1	0	0	0	0
http://bartoc.org/en/node/1971	1	0	0	0	0	0
http://bartoc.org/en/node/1972	1	0	0	0	0	0
http://bartoc.org/en/node/1973	1	0	0	0	0	0
http://bartoc.org/en/node/1974	1	0	0	0	0	0
http://bartoc.org/en/node/1975	1	0	0	0	0	0
http://bartoc.org/en/node/1976	1	0	0	0	0	0
http://bartoc.org/en/node/1977	1	0	0	0	0	0
http://bartoc.org/en/node/1978	0	0	2	1	2	0
http://bartoc.org/en/node/1979	1	0	0	0	0	0
http://bartoc.org/en/node/1980	1	0	0	0	0	0
http://bartoc.org/en/node/1981	1	0	0	0	0	0
http://bartoc.org/en/node/1982	1	0	0	0	0	0
http://bartoc.org/en/node/1983	1	0	0	0	0	0
http://bartoc.org/en/node/1984	1	0	0	0	0	0
http://bartoc.org/en/node/1985	1	0	0	0	0	0
http://bartoc.org/en/node/1986	1	0	0	0	0	0
http://bartoc.org/en/node/1987	1	0	0	0	0	0
http://bartoc.org/en/node/1988	1	0	0	0	0	0
http://bartoc.org/en/node/1989	1	0	0	0	0	0
http://bartoc.org/en/node/1990	0	0	2	1	2	0
http://bartoc.org/en/node/1991	0	0	2	1	2	0
http://bartoc.org/en/node/1992	1	0	0	0	0	0
http://bartoc.org/en/node/1993	1	0	0	0	0	0
http://bartoc.org/en/node/1994	1	0	0	0	0	0
http://bartoc.org/en/node/1995	1	0	0	0	0	0
http://bartoc.org/en/node/1996	1	0	0	0	0	0
http://bartoc.org/en/node/1997	1	0	0	0	0	0
http://bartoc.org/en/node/1998	1	1	0	0	0	0
http://bartoc.org/en/node/1999	1	0	0	0	0	0
http://bartoc.org/en/node/2000	1	0	0	0	0	0
http://bartoc.org/en/node/2001	1	0	0	0	0	0
http://bartoc.org/en/node/2002	0	0	4	1	4	0
http://bartoc.org/en/node/2003	0	0	2	1	2	0
http://bartoc.org/en/node/2004	0	0	2	1	2	0
http://bartoc.org/en/node/2005	0	0	2	1	2	1
http://bartoc.org/en/node/2006	1	1	0	0	0	0
http://bartoc.org/en/node/2007	0	0	2	1	2	1
http://bartoc.org/en/node/2008	0	0	2	1	2	0
http://bartoc.org/en/node/2009	1	0	0	0	0	0
http://bartoc.org/en/node/2010	1	0	0	0	0	1
http://bartoc.org/en/node/2011	1	0	0	0	0	0
http://bartoc.org/en/node/2012	1	0	0	0	0	0
http://bartoc.org/en/node/2013	1	0	0	0	0	0
http://bartoc.org/en/node/2014	1	0	0	0	0	0
http://bartoc.org/en/node/2015	0	0	2	1	2	0
http://bartoc.org/en/node/2016	0	0	3	1	3	0
http://bartoc.org/en/node/2017	1	0	0	0	0	0
http://bartoc.org/en/node/2018	0	0	2	1	2	0
http://bartoc.org/en/node/2019	0	0	2	1	2	0
http://bartoc.org/en/node/2020	0	0	3	1	3	0
http://bartoc.org/en/node/2021	1	1	0	0	0	1
http://bartoc.org/en/node/2022	0	0	2	1	2	0
